Users;Department;Position;Local admin privileges;Domain admin privileges;Service admin;Development and admin tools available;OS;AV protection;Posession of data on security and administration;Key business role;Internet access;Confidential information;Science and technology information;Production info;Management info;Financial info;Market info;Price info;Partner info;Security management info;Personal data;ÄÑÏ (rus);24 x 7 working hours;High performance applications;Interactions with external IS;Electronic eternal information exchange;Initial qualification;Number of projects;Project 6;Project 21;Project 27;Project 33;Project 41;Project 44;Project 46;Project 47;Project 49;Project 60
User 1;Department 53;Position 219;0;0;0;0;1;0;0;0;0;1;0;1;0;0;0;0;0;0;0;0;0;0;0;0;user;0;0;0;0;0;0;0;0;0;0;0
User 2;Department 13;Position 209;0;0;0;0;1;1;0;0;0;1;1;1;1;1;0;1;1;0;0;0;0;0;0;1;user;0;0;0;0;0;0;0;0;0;0;0
User 3;Department 19;Position 37;0;0;0;0;1;1;0;0;1;1;1;1;0;0;0;0;1;0;0;0;0;0;0;0;user;0;0;0;0;0;0;0;0;0;0;0
User 4;Department 40;Position 124;0;0;0;0;0;1;0;0;0;1;0;1;0;0;0;0;0;0;0;0;0;0;0;0;user;0;0;0;0;0;0;0;0;0;0;0
User 5;Department 12;Position 71;1;0;1;1;1;0;0;0;1;1;0;1;0;1;0;0;1;1;0;0;0;0;0;0;admin;0;0;0;0;0;0;0;0;0;0;0
User 6;Department 37;Position 119;0;0;0;0;0;0;0;0;0;1;1;1;0;0;0;0;0;0;0;0;0;0;0;0;user;0;0;0;0;0;0;0;0;0;0;0
User 7;Department 48;Position 139;1;0;0;0;1;1;0;0;0;1;1;1;0;0;0;0;0;0;0;0;0;0;0;0;programmer;0;0;0;0;0;0;0;0;0;0;0
User 8;Department 47;Position 187;0;0;0;0;1;1;0;0;0;1;1;1;0;0;0;0;0;0;0;0;0;0;0;0;user;0;0;0;0;0;0;0;0;0;0;0
User 9;Department 28;Position 56;0;0;0;0;1;1;0;0;1;1;0;1;1;0;0;0;0;0;0;0;0;0;0;0;user;0;0;0;0;0;0;0;0;0;0;0
User 10;Department 44;Position 42;0;0;0;0;1;0;0;0;1;1;1;1;0;0;0;0;0;0;0;0;0;0;0;0;user;0;0;0;0;0;0;0;0;0;0;0
User 11;Department 27;Position 240;0;0;0;0;1;1;0;0;0;1;0;1;1;1;1;1;1;0;0;0;0;0;0;0;user;0;0;0;0;0;0;0;0;0;0;0
User 12;Department 27;Position 240;0;0;0;0;0;0;0;0;0;1;0;1;1;1;1;1;1;0;0;0;0;0;0;0;user;0;0;0;0;0;0;0;0;0;0;0
User 13;Department 47;Position 161;0;0;0;0;0;0;0;0;0;1;1;1;0;0;0;0;0;0;0;0;0;0;0;0;user;0;0;0;0;0;0;0;0;0;0;0
User 14;Department 53;Position 108;0;0;0;0;0;1;0;0;1;1;0;1;0;0;0;0;0;0;0;0;0;0;0;0;user;0;0;0;0;0;0;0;0;0;0;0
User 15;Department 32;Position 9;0;0;0;1;1;1;0;0;0;1;1;1;0;0;0;0;0;0;0;0;0;0;0;0;programmer;28;0;1;1;0;0;0;0;0;0;0
User 16;Department 16;Position 118;0;0;0;0;1;1;0;0;1;1;0;0;1;0;0;0;0;0;1;0;0;0;1;1;user;0;0;0;0;0;0;0;0;0;0;0
User 17;Department 4;Position 224;0;0;0;0;1;0;0;0;1;1;0;0;1;0;1;0;1;0;0;0;0;0;0;1;user;0;0;0;0;0;0;0;0;0;0;0
User 18;Department 32;Position 106;0;0;0;1;1;1;0;0;0;1;1;1;0;0;0;0;0;0;0;0;0;0;0;0;programmer;28;0;1;1;0;0;0;0;0;0;0
User 19;Department 47;Position 161;0;0;0;0;1;0;0;0;0;1;1;1;0;0;0;0;0;0;0;0;0;0;0;0;user;0;0;0;0;0;0;0;0;0;0;0
User 20;Department 33;Position 208;0;0;0;1;1;0;0;0;1;1;1;1;0;0;0;0;0;0;0;0;0;0;0;1;programmer;2;0;0;0;0;0;0;0;0;0;0
User 21;Department 17;Position 256;0;0;0;0;1;0;0;0;1;1;0;0;1;1;0;0;1;0;0;1;0;0;0;0;user;0;0;0;0;0;0;0;0;0;0;0
User 22;Department 50;Position 162;0;0;0;0;1;1;0;0;0;1;1;1;0;0;0;0;0;0;0;0;0;0;0;0;user;0;0;0;0;0;0;0;0;0;0;0
User 23;Department 12;Position 9;1;1;0;1;1;0;1;0;1;1;0;1;0;0;0;0;0;1;0;0;1;0;0;0;admin;0;0;0;0;0;0;0;0;0;0;0
User 24;Department 19;Position 93;0;0;0;0;1;0;0;0;1;1;1;1;0;0;0;0;1;0;0;0;0;0;0;0;user;0;0;0;0;0;0;0;0;0;0;0
User 25;Department 48;Position 102;1;0;0;0;1;0;0;0;1;1;1;1;0;0;0;0;0;0;0;0;0;0;0;0;programmer;0;0;0;0;0;0;0;0;0;0;0
User 26;Department 50;Position 156;0;0;0;0;1;1;0;0;0;1;1;1;0;0;0;0;0;0;0;0;0;1;0;0;user;0;0;0;0;0;0;0;0;0;0;0
User 27;Department 50;Position 156;0;0;0;0;1;1;0;0;1;1;1;1;0;0;0;0;0;0;0;0;0;1;0;0;user;0;0;0;0;0;0;0;0;0;0;0
User 28;Department 1;Position 125;0;0;0;0;1;0;0;0;1;1;0;0;1;1;1;1;1;0;1;0;0;0;0;1;user;0;0;0;0;0;0;0;0;0;0;0
User 29;Department 50;Position 163;0;0;0;0;1;0;0;0;0;1;1;1;0;0;0;0;0;0;0;0;0;0;0;0;user;0;0;0;0;0;0;0;0;0;0;0
User 30;Department 37;Position 119;0;0;0;0;1;1;0;0;0;1;1;1;0;0;0;0;0;0;0;0;0;0;0;0;user;0;0;0;0;0;0;0;0;0;0;0
User 31;Department 47;Position 213;0;0;0;0;0;1;0;0;0;1;1;1;0;0;0;0;0;0;0;0;0;0;0;0;user;0;0;0;0;0;0;0;0;0;0;0
User 32;Department 48;Position 221;1;0;0;0;1;1;0;0;0;1;1;1;0;0;0;0;0;0;0;0;0;0;0;0;programmer;0;0;0;0;0;0;0;0;0;0;0
User 33;Department 32;Position 208;0;0;0;1;1;1;0;0;0;1;1;1;0;0;0;0;0;0;0;0;0;1;0;1;programmer;3;1;0;0;0;0;0;0;0;0;0
User 34;Department 48;Position 222;1;0;0;0;0;1;0;0;0;1;1;1;0;0;0;0;0;0;0;0;0;0;0;0;programmer;0;0;0;0;0;0;0;0;0;0;0
User 35;Department 39;Position 9;0;0;0;0;1;0;0;0;1;1;1;1;0;0;0;0;1;0;0;0;0;0;0;0;user;0;0;0;0;0;0;0;0;0;0;0
User 36;Department 13;Position 74;0;0;0;0;1;1;0;0;0;1;1;1;1;0;0;0;1;0;0;0;0;0;0;1;user;0;0;0;0;0;0;0;0;0;0;0
User 37;Department 48;Position 136;1;0;0;0;1;0;0;0;0;1;1;1;0;0;0;0;0;0;0;0;0;0;0;0;programmer;0;0;0;0;0;0;0;0;0;0;0
User 38;Department 27;Position 55;0;0;0;0;1;1;0;0;0;1;0;1;1;1;1;1;1;0;0;0;0;0;0;0;user;0;0;0;0;0;0;0;0;0;0;0
User 39;Department 40;Position 61;0;0;0;0;1;1;0;0;0;1;0;1;0;0;0;0;0;0;0;0;0;0;0;0;user;0;0;0;0;0;0;0;0;0;0;0
User 40;Department 40;Position 126;0;0;0;0;0;1;0;0;0;1;0;1;0;0;0;0;0;0;0;0;0;0;0;0;user;0;0;0;0;0;0;0;0;0;0;0
User 41;Department 27;Position 117;0;0;0;0;1;1;0;0;0;1;0;1;1;1;1;1;1;0;0;0;0;0;0;0;user;0;0;0;0;0;0;0;0;0;0;0
User 42;Department 13;Position 85;0;0;0;0;1;1;0;0;0;1;1;1;0;0;0;1;0;0;0;0;0;0;0;1;user;0;0;0;0;0;0;0;0;0;0;0
User 43;Department 32;Position 237;0;0;0;1;0;0;0;0;0;1;1;1;0;0;0;0;0;0;0;0;0;0;0;0;programmer;2;0;0;0;0;0;0;0;0;0;0
User 44;Department 3;Position 69;0;0;0;0;1;1;0;0;0;1;0;0;0;1;1;1;1;0;1;0;0;0;0;0;user;0;0;0;0;0;0;0;0;0;0;0
User 45;Department 43;Position 12;0;0;0;0;0;1;0;1;0;1;1;1;0;0;0;0;0;0;0;0;0;1;0;0;user;28;0;1;1;0;0;0;0;0;0;0
User 46;Department 19;Position 33;0;0;0;0;1;1;0;0;1;1;1;1;0;0;0;0;1;0;0;0;0;0;0;0;user;0;0;0;0;0;0;0;0;0;0;0
User 47;Department 12;Position 215;1;1;0;1;1;1;1;0;1;1;0;1;0;0;0;0;0;1;0;0;1;0;0;0;admin;0;0;0;0;0;0;0;0;0;0;0
User 48;Department 3;Position 227;0;0;0;0;1;1;0;0;1;1;0;0;0;1;1;1;1;0;1;0;0;0;1;0;user;0;0;0;0;0;0;0;0;0;0;0
User 49;Department 50;Position 158;0;0;0;0;1;0;0;0;0;1;1;1;0;0;0;0;0;0;0;0;0;0;0;0;user;0;0;0;0;0;0;0;0;0;0;0
User 50;Department 18;Position 140;0;0;0;0;1;0;0;0;1;1;0;0;0;1;1;1;1;0;0;0;0;0;0;1;user;1;0;0;0;0;0;1;0;0;0;0
User 51;Department 31;Position 237;0;0;0;1;1;0;0;0;0;1;1;1;0;0;0;0;0;0;0;0;0;0;0;0;programmer;6;0;1;0;0;1;0;0;0;1;0
User 52;Department 22;Position 87;0;0;0;0;1;0;0;0;1;1;1;1;0;0;0;1;0;0;0;0;0;0;0;0;user;0;0;0;0;0;0;0;0;0;0;0
User 53;Department 22;Position 86;0;0;0;1;1;1;0;0;1;1;1;1;0;0;0;1;0;0;0;0;0;0;0;0;user;0;0;0;0;0;0;0;0;0;0;0
User 54;Department 13;Position 85;0;0;0;0;1;1;0;0;1;1;1;1;0;0;0;1;0;0;0;0;0;0;0;1;user;0;0;0;0;0;0;0;0;0;0;0
User 55;Department 45;Position 115;0;0;0;0;1;1;0;0;0;1;1;1;0;0;0;0;0;0;0;0;0;0;0;0;user;4;0;0;1;0;0;0;0;1;1;0
User 56;Department 45;Position 15;0;0;0;0;1;1;0;0;0;1;1;1;0;0;0;0;0;0;0;0;0;0;0;0;user;4;0;0;1;0;0;0;0;1;1;0
User 57;Department 49;Position 163;0;0;0;0;1;0;0;0;0;1;1;1;0;0;0;0;0;0;0;0;0;0;0;0;user;0;0;0;0;0;0;0;0;0;0;0
User 58;Department 48;Position 137;1;0;0;0;1;1;0;0;0;1;1;1;0;0;0;0;0;0;0;0;0;0;0;0;programmer;0;0;0;0;0;0;0;0;0;0;0
User 59;Department 17;Position 76;0;0;0;0;1;0;0;0;1;1;0;0;1;1;0;0;1;0;0;1;0;0;0;0;user;0;0;0;0;0;0;0;0;0;0;0
User 60;Department 22;Position 87;0;0;0;0;0;0;0;0;1;1;1;1;0;0;0;1;0;0;0;0;0;0;0;0;user;0;0;0;0;0;0;0;0;0;0;0
User 61;Department 47;Position 217;0;0;0;0;0;1;0;0;0;1;1;1;0;0;0;0;0;0;0;0;0;0;0;0;user;0;0;0;0;0;0;0;0;0;0;0
User 62;Department 40;Position 126;0;0;0;0;0;0;0;0;0;1;0;1;0;0;0;0;0;0;0;0;0;0;0;0;user;0;0;0;0;0;0;0;0;0;0;0
User 63;Department 35;Position 12;0;0;0;0;1;1;0;0;0;1;1;1;0;0;0;0;0;0;0;0;0;0;0;0;user;2;0;0;0;1;0;0;0;0;0;0
User 64;Department 50;Position 170;0;0;0;0;1;0;0;0;0;1;1;1;0;0;0;0;0;0;0;0;0;0;0;0;user;0;0;0;0;0;0;0;0;0;0;0
User 65;Department 2;Position 174;0;0;0;0;1;1;0;0;1;1;0;1;0;0;0;0;1;0;0;0;0;0;0;0;user;0;0;0;0;0;0;0;0;0;0;0
User 66;Department 9;Position 198;0;0;0;0;0;1;0;0;0;1;1;1;0;0;0;0;0;0;0;0;0;0;0;0;user;0;0;0;0;0;0;0;0;0;0;0
User 67;Department 9;Position 198;0;0;0;0;1;1;0;0;0;1;1;1;0;0;0;0;0;0;0;0;0;0;0;0;user;0;0;0;0;0;0;0;0;0;0;0
User 68;Department 1;Position 98;0;0;0;0;1;0;0;0;1;1;0;0;1;0;0;0;1;0;1;0;0;0;0;1;user;0;0;0;0;0;0;0;0;0;0;0
User 69;Department 48;Position 187;0;0;0;0;1;1;0;0;0;1;1;1;0;0;0;0;0;0;0;0;0;0;0;0;user;0;0;0;0;0;0;0;0;0;0;0
User 70;Department 47;Position 163;0;0;0;0;0;1;0;0;0;1;1;1;0;0;0;0;0;0;0;0;0;0;0;0;user;0;0;0;0;0;0;0;0;0;0;0
User 71;Department 4;Position 224;0;0;0;0;1;1;0;0;1;1;0;0;1;0;1;0;1;0;0;0;0;0;0;1;user;0;0;0;0;0;0;0;0;0;0;0
User 72;Department 49;Position 163;0;0;0;0;1;0;0;0;0;1;1;1;0;0;0;0;0;0;0;0;0;0;0;0;user;0;0;0;0;0;0;0;0;0;0;0
User 73;Department 22;Position 37;0;0;0;1;1;0;0;0;1;1;1;1;0;0;0;1;0;0;0;0;0;0;0;0;user;0;0;0;0;0;0;0;0;0;0;0
User 74;Department 43;Position 86;0;0;0;0;1;1;0;1;1;1;1;1;0;0;0;0;0;0;0;0;0;0;0;0;user;28;0;1;1;0;0;0;0;0;0;0
User 75;Department 47;Position 134;0;0;0;0;0;0;0;0;0;1;1;1;0;0;0;0;0;0;0;0;0;0;0;0;user;0;0;0;0;0;0;0;0;0;0;0
User 76;Department 13;Position 85;0;0;0;0;1;1;0;0;1;1;1;1;0;0;0;1;0;0;0;0;0;0;0;1;user;0;0;0;0;0;0;0;0;0;0;0
User 77;Department 44;Position 210;0;0;0;0;1;1;0;0;1;1;1;1;0;0;0;0;0;0;0;0;0;0;0;0;user;0;0;0;0;0;0;0;0;0;0;0
User 78;Department 18;Position 140;0;0;0;0;1;1;0;0;1;1;0;0;0;1;1;1;1;0;0;0;0;0;0;1;user;1;0;0;0;0;0;1;0;0;0;0
User 79;Department 6;Position 197;0;0;0;0;1;1;0;0;0;1;1;1;0;0;0;0;0;0;0;0;0;0;0;0;user;0;0;0;0;0;0;0;0;0;0;0
User 80;Department 6;Position 197;0;0;0;0;0;0;0;0;0;1;1;1;0;0;0;0;0;0;0;0;0;0;0;0;user;0;0;0;0;0;0;0;0;0;0;0
User 81;Department 45;Position 115;0;0;0;0;1;1;0;0;0;1;1;1;0;0;0;0;0;0;0;0;0;0;0;0;user;4;0;0;1;0;0;0;0;1;1;0
User 82;Department 52;Position 43;0;0;0;0;1;0;0;0;1;1;0;1;0;0;0;0;0;0;0;0;0;0;0;0;user;0;0;0;0;0;0;0;0;0;0;0
User 83;Department 18;Position 140;0;0;0;0;1;1;0;0;1;1;0;0;0;1;1;1;1;0;0;0;0;0;0;1;user;1;0;0;0;0;0;1;0;0;0;0
User 84;Department 22;Position 9;0;0;0;1;0;1;0;0;1;1;1;1;0;0;0;1;0;0;0;0;0;0;0;0;user;0;0;0;0;0;0;0;0;0;0;0
User 85;Department 43;Position 12;0;0;0;0;1;1;0;1;0;1;1;1;0;0;0;0;0;0;0;0;0;1;0;0;user;28;0;1;1;0;0;0;0;0;0;0
User 86;Department 53;Position 203;0;0;0;0;0;1;0;0;1;1;0;1;0;0;0;0;0;0;0;0;0;0;0;0;user;0;0;0;0;0;0;0;0;0;0;0
User 87;Department 53;Position 203;0;0;0;0;1;1;0;0;1;1;0;1;0;0;0;0;0;0;0;0;0;0;0;0;user;0;0;0;0;0;0;0;0;0;0;0
User 88;Department 28;Position 178;0;0;0;1;1;0;0;0;1;1;0;1;1;1;0;0;1;0;0;0;0;0;1;0;user;0;0;0;0;0;0;0;0;0;0;0
User 89;Department 51;Position 87;0;0;0;0;1;0;0;0;0;1;1;1;0;0;0;0;0;0;0;0;0;0;0;0;user;0;0;0;0;0;0;0;0;0;0;0
User 90;Department 36;Position 21;0;0;0;0;1;0;1;0;1;1;0;0;1;0;0;0;1;1;0;0;1;0;0;1;programmer;3;0;0;0;0;0;0;1;0;0;0
User 91;Department 22;Position 86;0;0;0;1;0;1;0;0;1;1;1;1;0;0;0;1;0;0;0;0;0;0;0;0;user;0;0;0;0;0;0;0;0;0;0;0
User 92;Department 12;Position 13;1;0;1;1;1;1;0;0;1;1;0;1;0;0;0;0;0;0;0;0;0;0;0;0;programmer;0;0;0;0;0;0;0;0;0;0;0
User 93;Department 2;Position 251;0;0;0;0;1;0;0;0;1;1;0;1;0;0;0;0;1;0;0;0;0;0;0;0;user;0;0;0;0;0;0;0;0;0;0;0
User 94;Department 46;Position 111;0;0;0;0;1;1;0;0;1;1;1;1;0;0;0;0;1;0;0;0;0;0;0;0;user;3;1;0;0;0;0;0;0;0;0;0
User 95;Department 31;Position 85;0;0;0;0;1;1;0;0;0;1;1;1;0;0;0;0;0;0;0;0;0;1;0;0;user;6;0;1;0;0;1;0;0;0;1;0
User 96;Department 31;Position 85;0;0;0;1;1;1;0;0;1;1;1;1;0;0;0;0;0;0;0;0;0;0;0;0;user;6;0;1;0;0;1;0;0;0;1;0
User 97;Department 49;Position 163;0;0;0;0;1;0;0;0;0;1;1;1;0;0;0;0;0;0;0;0;0;0;0;0;user;0;0;0;0;0;0;0;0;0;0;0
User 98;Department 48;Position 102;1;0;0;0;0;1;0;0;0;1;1;1;0;0;0;0;0;0;0;0;0;0;0;0;programmer;0;0;0;0;0;0;0;0;0;0;0
User 99;Department 19;Position 83;0;0;0;0;1;1;0;0;1;1;1;1;0;0;0;0;1;0;0;0;0;0;0;0;user;0;0;0;0;0;0;0;0;0;0;0
User 100;Department 22;Position 9;0;0;0;1;0;1;0;0;1;1;1;1;0;0;0;1;0;0;0;0;0;0;0;0;user;0;0;0;0;0;0;0;0;0;0;0
User 101;Department 12;Position 20;1;0;1;1;1;1;0;0;1;1;1;1;0;0;0;0;0;0;0;0;0;0;0;0;programmer;0;0;0;0;0;0;0;0;0;0;0
User 102;Department 12;Position 20;1;0;1;1;1;1;0;0;0;1;1;1;0;0;0;0;0;0;0;0;0;0;0;0;programmer;0;0;0;0;0;0;0;0;0;0;0
User 103;Department 34;Position 196;0;0;0;0;1;0;0;0;1;1;1;1;0;0;0;0;0;0;0;0;0;0;0;0;user;0;0;0;0;0;0;0;0;0;0;0
User 104;Department 31;Position 244;0;0;0;0;1;0;0;0;0;1;1;1;0;0;0;0;0;0;0;0;0;0;0;1;user;1;0;0;0;0;0;0;0;0;1;0
User 105;Department 31;Position 244;0;0;0;1;1;0;0;0;1;1;1;1;0;0;0;0;0;0;0;0;0;1;0;1;user;1;0;0;0;0;0;0;0;0;1;0
User 106;Department 47;Position 164;0;0;0;0;1;1;0;0;0;1;1;1;0;0;0;0;0;0;0;0;0;0;0;0;user;0;0;0;0;0;0;0;0;0;0;0
User 107;Department 17;Position 29;0;0;0;0;1;1;0;0;1;1;0;0;1;1;0;0;1;0;0;1;0;0;0;0;user;0;0;0;0;0;0;0;0;0;0;0
User 108;Department 31;Position 208;0;0;0;0;1;1;0;0;0;1;1;1;0;0;0;0;0;0;0;0;0;0;0;1;user;5;0;0;1;0;1;0;0;0;0;1
User 109;Department 31;Position 208;0;0;0;1;1;1;0;0;1;1;1;1;0;0;0;0;0;0;0;0;0;0;0;1;user;6;0;0;1;0;1;0;1;0;0;1
User 110;Department 33;Position 9;0;0;0;0;1;0;0;0;1;1;1;1;0;0;0;1;0;0;0;0;0;1;0;0;user;0;0;0;0;0;0;0;0;0;0;0
User 111;Department 24;Position 79;0;0;0;0;1;0;0;0;1;1;0;1;0;0;0;1;1;0;0;0;0;0;0;0;user;0;0;0;0;0;0;0;0;0;0;0
User 112;Department 49;Position 157;0;0;0;0;1;1;0;0;0;1;1;1;0;0;0;0;0;0;0;0;0;0;0;0;user;0;0;0;0;0;0;0;0;0;0;0
User 113;Department 4;Position 68;0;0;0;0;1;1;1;1;1;1;0;1;1;0;1;0;1;0;0;0;0;0;0;1;user;2;0;0;0;0;0;0;0;0;0;0
User 114;Department 53;Position 36;0;0;0;0;1;0;0;0;1;1;0;1;0;0;0;0;0;0;0;0;0;0;0;0;user;0;0;0;0;0;0;0;0;0;0;0
User 115;Department 29;Position 35;0;0;0;0;1;1;0;0;1;1;1;1;0;0;0;0;0;0;0;0;0;0;0;0;user;0;0;0;0;0;0;0;0;0;0;0
User 116;Department 1;Position 45;0;0;0;0;1;1;0;0;1;1;0;0;1;0;0;0;1;0;1;0;0;0;0;1;user;0;0;0;0;0;0;0;0;0;0;0
User 117;Department 22;Position 52;0;0;0;0;1;1;0;0;1;1;1;1;1;0;0;0;1;0;0;0;0;0;0;1;user;0;0;0;0;0;0;0;0;0;0;0
User 118;Department 21;Position 5;0;0;0;0;1;0;0;0;1;1;0;1;0;0;0;1;1;0;0;0;0;0;0;0;user;0;0;0;0;0;0;0;0;0;0;0
User 119;Department 18;Position 140;0;0;0;0;1;1;0;0;1;1;0;0;0;1;1;1;1;0;0;0;0;0;0;1;user;1;0;0;0;0;0;1;0;0;0;0
User 120;Department 46;Position 33;0;0;0;0;1;1;0;0;1;1;1;1;0;0;0;0;1;0;0;0;0;0;0;0;user;0;0;0;0;0;0;0;0;0;0;0
User 121;Department 31;Position 238;0;0;0;0;1;1;0;0;0;1;1;1;0;0;0;0;0;0;0;0;0;0;0;0;user;3;0;0;0;0;0;0;0;0;1;0
User 122;Department 31;Position 238;0;0;0;0;1;1;0;0;1;1;1;1;0;0;0;0;0;0;0;0;0;0;0;0;user;3;0;0;0;0;0;0;0;0;1;0
User 123;Department 43;Position 109;0;0;0;1;1;1;0;1;0;1;1;1;0;0;0;0;0;0;0;0;0;1;0;0;programmer;28;0;1;1;0;0;0;0;0;0;0
User 124;Department 48;Position 222;1;0;0;0;0;1;0;0;0;1;1;1;0;0;0;0;0;0;0;0;0;0;0;0;programmer;0;0;0;0;0;0;0;0;0;0;0
User 125;Department 48;Position 160;1;0;0;0;1;1;0;0;0;1;1;1;0;0;0;0;0;0;0;0;0;0;0;0;programmer;0;0;0;0;0;0;0;0;0;0;0
User 126;Department 45;Position 115;0;0;0;0;1;0;0;0;0;1;1;1;0;0;0;0;0;0;0;0;0;0;0;0;user;4;0;0;1;0;0;0;0;1;1;0
User 127;Department 37;Position 119;0;0;0;0;1;1;0;0;1;1;1;1;0;0;0;0;0;0;0;0;0;0;0;0;user;0;0;0;0;0;0;0;0;0;0;0
User 128;Department 47;Position 213;0;0;0;0;0;1;0;0;0;1;1;1;0;0;0;0;0;0;0;0;0;0;0;0;user;0;0;0;0;0;0;0;0;0;0;0
User 129;Department 19;Position 112;0;0;0;0;1;1;0;0;1;1;1;1;0;0;0;0;1;0;0;0;0;0;0;0;user;0;0;0;0;0;0;0;0;0;0;0
User 130;Department 1;Position 98;0;0;0;0;1;0;0;0;1;1;0;0;1;0;0;0;1;0;1;0;0;0;0;1;user;0;0;0;0;0;0;0;0;0;0;0
User 131;Department 26;Position 191;0;0;0;0;1;1;0;0;1;1;0;1;1;1;1;1;1;0;0;0;0;0;1;0;user;0;0;0;0;0;0;0;0;0;0;0
User 132;Department 47;Position 252;0;0;0;0;1;1;0;0;0;1;1;1;0;0;0;0;0;0;0;0;0;0;0;0;user;0;0;0;0;0;0;0;0;0;0;0
User 133;Department 40;Position 60;0;0;0;0;1;0;0;0;0;1;0;1;0;0;0;0;0;0;0;0;0;0;0;0;user;0;0;0;0;0;0;0;0;0;0;0
User 134;Department 48;Position 236;1;0;0;0;0;1;0;0;0;1;1;1;0;0;0;0;0;0;0;0;0;0;0;0;programmer;0;0;0;0;0;0;0;0;0;0;0
User 135;Department 48;Position 236;1;0;0;0;1;1;0;0;0;1;1;1;0;0;0;0;0;0;0;0;0;0;0;0;user;0;0;0;0;0;0;0;0;0;0;0
User 136;Department 48;Position 103;1;0;0;1;1;1;0;0;1;1;1;1;0;0;0;0;0;0;0;0;0;0;0;0;programmer;0;0;0;0;0;0;0;0;0;0;0
User 137;Department 48;Position 103;1;0;0;0;0;1;0;0;0;1;1;1;0;0;0;0;0;0;0;0;0;0;0;0;programmer;0;0;0;0;0;0;0;0;0;0;0
User 138;Department 32;Position 105;0;0;0;1;1;1;0;0;0;1;1;1;0;0;0;0;0;0;0;0;0;0;0;0;user;28;0;1;1;0;0;0;0;0;0;0
User 139;Department 32;Position 105;0;0;0;1;0;0;0;0;0;1;1;1;0;0;0;0;0;0;0;0;0;0;0;0;programmer;28;0;1;1;0;0;0;0;0;0;0
User 140;Department 47;Position 212;0;0;0;0;1;0;0;0;0;1;1;1;0;0;0;0;0;0;0;0;0;0;0;0;user;0;0;0;0;0;0;0;0;0;0;0
User 141;Department 48;Position 102;1;0;0;1;1;1;0;0;1;1;1;1;0;0;0;0;0;0;0;0;0;0;0;0;programmer;0;0;0;0;0;0;0;0;0;0;0
User 142;Department 12;Position 85;1;1;0;1;1;0;1;0;1;1;0;1;0;0;0;0;0;0;0;0;0;0;0;0;programmer;0;0;0;0;0;0;0;0;0;0;0
User 143;Department 24;Position 208;0;0;0;0;1;0;0;0;1;1;1;1;0;0;0;0;0;0;0;0;0;0;0;1;user;0;0;0;0;0;0;0;0;0;0;0
User 144;Department 32;Position 109;1;0;0;1;1;0;0;0;1;1;1;1;0;0;0;0;0;0;0;0;0;0;0;0;programmer;28;0;1;1;0;0;0;0;0;0;0
User 145;Department 22;Position 9;0;0;0;0;1;1;0;0;1;1;1;1;0;0;0;1;0;0;0;0;0;0;0;0;user;0;0;0;0;0;0;0;0;0;0;0
User 146;Department 13;Position 132;0;0;0;0;1;0;0;0;0;1;1;1;0;0;0;1;0;0;0;0;0;0;0;1;user;0;0;0;0;0;0;0;0;0;0;0
User 147;Department 47;Position 164;0;0;0;0;1;0;0;0;0;1;1;1;0;0;0;0;0;0;0;0;0;0;0;0;user;0;0;0;0;0;0;0;0;0;0;0
User 148;Department 14;Position 70;0;0;0;0;1;0;0;0;1;1;0;1;0;0;0;0;1;1;0;1;0;0;0;0;user;28;0;1;1;0;0;0;0;0;0;0
User 149;Department 32;Position 237;0;0;0;1;0;1;0;0;0;1;1;1;0;0;0;0;0;0;0;0;0;0;0;0;programmer;28;0;1;1;0;0;0;0;0;0;0
User 150;Department 39;Position 84;0;0;0;0;1;1;0;0;0;1;1;1;0;0;0;0;1;0;0;0;0;0;0;0;user;0;0;0;0;0;0;0;0;0;0;0
User 151;Department 31;Position 208;0;0;0;1;1;1;0;0;1;1;1;1;0;0;0;0;0;0;0;0;0;1;0;1;user;3;0;1;0;0;0;0;0;0;0;0
User 152;Department 22;Position 128;0;0;0;0;1;1;0;0;1;1;1;1;0;0;0;1;0;0;0;0;0;0;0;0;user;0;0;0;0;0;0;0;0;0;0;0
User 153;Department 3;Position 32;0;0;0;0;1;1;0;1;1;1;0;0;1;1;1;1;1;0;1;0;1;0;1;1;user;0;0;0;0;0;0;0;0;0;0;0
User 154;Department 48;Position 129;1;0;0;0;1;0;0;0;0;1;1;1;0;0;0;0;0;0;0;0;0;0;0;0;programmer;0;0;0;0;0;0;0;0;0;0;0
User 155;Department 48;Position 123;1;0;0;0;0;1;0;0;0;1;1;1;0;0;0;0;0;0;0;0;0;0;0;0;user;0;0;0;0;0;0;0;0;0;0;0
User 156;Department 50;Position 101;0;0;0;0;1;0;0;0;0;1;1;1;0;0;0;0;0;0;0;0;0;0;0;0;user;0;0;0;0;0;0;0;0;0;0;0
User 157;Department 33;Position 186;1;0;0;1;1;0;0;0;1;1;1;1;0;0;0;0;0;0;0;0;0;0;0;0;programmer;0;0;0;0;0;0;0;0;0;0;0
User 158;Department 11;Position 3;1;0;0;1;1;0;1;0;1;1;0;0;0;0;0;1;1;0;0;0;0;1;0;0;programmer;1;0;0;0;0;0;0;1;0;0;0
User 159;Department 22;Position 9;0;0;0;0;0;1;0;0;1;1;1;1;0;0;0;1;0;0;0;0;0;0;0;0;user;0;0;0;0;0;0;0;0;0;0;0
User 160;Department 45;Position 15;0;0;0;0;1;1;0;0;0;1;1;1;0;0;0;0;0;0;0;0;0;0;0;0;user;4;0;0;1;0;0;0;0;1;1;0
User 161;Department 46;Position 112;0;0;0;0;1;1;0;0;1;1;1;1;0;0;0;0;1;0;0;0;0;0;0;0;user;3;1;0;0;0;0;0;0;0;0;0
User 162;Department 39;Position 11;0;0;0;0;1;0;0;0;1;1;1;1;0;0;0;0;1;0;0;0;0;0;0;0;user;0;0;0;0;0;0;0;0;0;0;0
User 163;Department 48;Position 223;1;0;0;0;0;1;0;0;0;1;1;1;0;0;0;0;0;0;0;0;0;0;0;0;programmer;0;0;0;0;0;0;0;0;0;0;0
User 164;Department 19;Position 33;0;0;0;0;1;1;0;0;1;1;1;1;0;0;0;0;1;0;0;0;0;0;0;0;user;0;0;0;0;0;0;0;0;0;0;0
User 165;Department 49;Position 164;0;0;0;0;1;0;0;0;0;1;1;1;0;0;0;0;0;0;0;0;0;0;0;0;user;0;0;0;0;0;0;0;0;0;0;0
User 166;Department 13;Position 85;0;0;0;0;1;1;0;0;0;1;1;1;0;0;0;1;0;0;0;0;0;0;0;1;user;0;0;0;0;0;0;0;0;0;0;0
User 167;Department 13;Position 85;0;0;0;0;1;0;0;0;0;1;1;1;0;0;0;1;0;0;0;0;0;0;0;1;user;0;0;0;0;0;0;0;0;0;0;0
User 168;Department 9;Position 114;0;0;0;0;1;1;0;0;0;1;1;1;0;0;0;0;0;0;0;0;0;0;0;0;user;0;0;0;0;0;0;0;0;0;0;0
User 169;Department 47;Position 216;0;0;0;0;1;0;0;0;0;1;1;1;0;0;0;0;0;0;0;0;0;0;0;0;user;0;0;0;0;0;0;0;0;0;0;0
User 170;Department 15;Position 63;0;0;0;0;1;0;0;0;1;1;1;1;1;0;0;0;1;0;0;0;0;0;0;0;user;0;0;0;0;0;0;0;0;0;0;0
User 171;Department 15;Position 63;0;0;0;0;1;0;0;0;1;1;1;1;1;0;0;0;1;0;0;0;0;0;0;0;user;0;0;0;0;0;0;0;0;0;0;0
User 172;Department 37;Position 120;0;0;0;0;1;0;0;0;0;1;1;1;0;0;0;0;0;0;0;0;0;0;0;0;user;0;0;0;0;0;0;0;0;0;0;0
User 173;Department 50;Position 158;0;0;0;0;1;0;0;0;0;1;1;1;0;0;0;0;0;0;0;0;0;0;0;0;user;0;0;0;0;0;0;0;0;0;0;0
User 174;Department 40;Position 124;0;0;0;0;0;0;0;0;0;1;0;1;0;0;0;0;0;0;0;0;0;0;0;0;user;0;0;0;0;0;0;0;0;0;0;0
User 175;Department 29;Position 35;0;0;0;0;1;0;0;0;1;1;1;1;0;0;0;0;0;0;0;0;0;0;0;0;user;0;0;0;0;0;0;0;0;0;0;0
User 176;Department 23;Position 81;0;0;0;0;1;0;0;0;1;1;0;1;1;1;1;1;1;0;0;0;0;0;0;0;user;0;0;0;0;0;0;0;0;0;0;0
User 177;Department 5;Position 31;0;0;0;0;1;1;0;0;1;1;0;0;0;0;1;0;1;0;0;0;0;0;0;0;user;0;0;0;0;0;0;0;0;0;0;0
User 178;Department 48;Position 147;0;0;0;0;1;0;0;0;0;1;1;1;0;0;0;0;0;0;0;0;0;0;0;0;user;0;0;0;0;0;0;0;0;0;0;0
User 179;Department 48;Position 150;1;0;0;0;1;1;0;0;0;1;1;1;0;0;0;0;0;0;0;0;0;0;0;0;programmer;0;0;0;0;0;0;0;0;0;0;0
User 180;Department 48;Position 147;0;0;0;0;1;0;0;0;0;1;1;1;0;0;0;0;0;0;0;0;0;0;0;0;user;0;0;0;0;0;0;0;0;0;0;0
User 181;Department 48;Position 146;0;0;0;0;1;0;0;0;0;1;1;1;0;0;0;0;0;0;0;0;0;0;0;0;user;0;0;0;0;0;0;0;0;0;0;0
User 182;Department 47;Position 242;0;0;0;0;0;0;0;0;0;1;1;1;0;0;0;0;0;0;0;0;0;0;0;0;user;0;0;0;0;0;0;0;0;0;0;0
User 183;Department 32;Position 208;0;0;0;1;1;0;0;0;0;1;1;1;0;0;0;0;0;0;0;0;0;1;0;1;programmer;4;0;0;0;0;0;0;0;0;0;0
User 184;Department 49;Position 164;0;0;0;0;1;0;0;0;0;1;1;1;0;0;0;0;0;0;0;0;0;0;0;0;user;0;0;0;0;0;0;0;0;0;0;0
User 185;Department 47;Position 212;0;0;0;0;1;0;0;0;0;1;1;1;0;0;0;0;0;0;0;0;0;0;0;0;user;0;0;0;0;0;0;0;0;0;0;0
User 186;Department 30;Position 239;0;0;0;1;1;0;0;0;1;1;1;1;0;0;0;0;0;0;0;0;0;0;0;0;programmer;8;0;0;0;0;0;0;0;0;0;0
User 187;Department 45;Position 116;0;0;0;0;1;0;0;0;0;1;1;1;0;0;0;0;0;0;0;0;0;0;0;0;user;4;0;0;1;0;0;0;0;1;1;0
User 188;Department 50;Position 223;0;0;0;0;1;1;0;0;0;1;1;1;0;0;0;0;0;0;0;0;0;0;0;0;user;0;0;0;0;0;0;0;0;0;0;0
User 189;Department 33;Position 208;0;0;0;0;1;0;0;0;1;1;1;1;0;0;0;0;0;0;0;0;0;0;0;1;user;0;0;0;0;0;0;0;0;0;0;0
User 190;Department 49;Position 164;0;0;0;0;1;0;0;0;0;1;1;1;0;0;0;0;0;0;0;0;0;0;0;0;user;0;0;0;0;0;0;0;0;0;0;0
User 191;Department 22;Position 246;0;0;0;1;1;0;0;0;1;1;1;1;0;0;0;1;0;0;0;0;0;0;0;0;user;0;0;0;0;0;0;0;0;0;0;0
User 192;Department 49;Position 164;0;0;0;0;1;0;0;0;0;1;1;1;0;0;0;0;0;0;0;0;0;0;0;0;user;0;0;0;0;0;0;0;0;0;0;0
User 193;Department 19;Position 18;0;0;0;0;1;1;0;0;1;1;1;1;0;0;0;0;1;0;0;0;0;0;0;0;user;0;0;0;0;0;0;0;0;0;0;0
User 194;Department 22;Position 86;0;0;0;1;1;0;0;0;1;1;1;1;0;0;0;1;0;0;0;0;0;0;0;0;user;0;0;0;0;0;0;0;0;0;0;0
User 195;Department 28;Position 56;0;0;0;0;1;0;0;0;1;1;0;1;1;0;0;0;0;0;0;0;0;0;0;0;user;0;0;0;0;0;0;0;0;0;0;0
User 196;Department 35;Position 238;0;0;0;0;1;1;0;0;0;1;1;1;0;0;0;0;0;0;0;0;0;0;0;0;user;2;0;0;0;1;0;0;;0;0;0
User 197;Department 27;Position 117;0;0;0;0;1;0;0;0;1;1;0;1;1;1;1;1;1;0;0;0;0;0;0;0;user;0;0;0;0;0;0;0;0;0;0;0
User 198;Department 22;Position 86;0;0;0;1;0;1;0;0;1;1;1;1;0;0;0;1;0;0;0;0;0;0;0;0;user;0;0;0;0;0;0;0;0;0;0;0
User 199;Department 21;Position 144;0;0;0;0;1;1;0;0;1;1;0;1;0;0;0;1;1;0;0;0;0;0;0;0;user;0;0;0;0;0;0;0;0;0;0;0
User 200;Department 45;Position 114;0;0;0;0;1;0;0;0;1;1;1;1;0;0;0;0;0;0;0;0;0;0;0;0;user;4;0;0;1;0;0;0;0;1;1;0
User 201;Department 46;Position 111;0;0;0;0;1;1;0;0;1;1;1;1;0;0;0;0;1;0;0;0;0;0;0;0;user;0;0;0;0;0;0;0;0;0;0;0
User 202;Department 40;Position 126;0;0;0;0;0;0;0;0;0;1;0;1;0;0;0;0;0;0;0;0;0;0;0;0;user;0;0;0;0;0;0;0;0;0;0;0
User 203;Department 28;Position 185;0;0;0;0;1;0;0;0;1;1;0;1;1;1;0;0;1;0;0;0;0;0;0;0;user;0;0;0;0;0;0;0;0;0;0;0
User 204;Department 3;Position 6;0;0;0;0;1;1;0;0;1;1;0;0;0;1;1;1;1;0;1;0;0;0;0;0;user;0;0;0;0;0;0;0;0;0;0;0
User 205;Department 48;Position 157;1;0;0;0;1;1;0;0;0;1;1;1;0;0;0;0;0;0;0;0;0;0;0;0;programmer;0;0;0;0;0;0;0;0;0;0;0
User 206;Department 48;Position 101;0;0;0;0;1;0;0;0;0;1;1;1;0;0;0;0;0;0;0;0;0;0;0;0;user;0;0;0;0;0;0;0;0;0;0;0
User 207;Department 34;Position 12;0;0;0;0;1;0;0;0;1;1;1;1;0;0;0;0;0;0;0;0;0;0;0;0;user;0;0;0;0;0;0;0;0;0;0;0
User 208;Department 13;Position 132;0;0;0;0;1;0;0;0;1;1;1;1;0;0;0;1;0;0;0;0;0;0;0;1;user;0;0;0;0;0;0;0;0;0;0;0
User 209;Department 45;Position 15;0;0;0;0;1;0;0;0;0;1;1;1;0;0;0;0;0;0;0;0;0;0;0;0;user;4;0;0;1;0;0;0;0;1;1;0
User 210;Department 27;Position 145;0;0;0;0;1;0;0;0;1;1;0;1;1;1;1;1;1;0;0;0;0;0;0;0;user;0;0;0;0;0;0;0;0;0;0;0
User 211;Department 50;Position 101;0;0;0;0;1;0;0;0;0;1;1;1;0;0;0;0;0;0;0;0;0;0;0;0;user;0;0;0;0;0;0;0;0;0;0;0
User 212;Department 48;Position 138;1;0;0;0;0;0;0;0;0;1;1;1;0;0;0;0;0;0;0;0;0;0;0;0;programmer;0;0;0;0;0;0;0;0;0;0;0
User 213;Department 50;Position 148;0;0;0;0;1;1;0;0;0;1;1;1;0;0;0;0;0;0;0;0;0;0;0;0;user;0;0;0;0;0;0;0;0;0;0;0
User 214;Department 33;Position 66;0;0;0;0;1;0;0;0;1;1;1;1;0;0;0;0;0;0;0;0;0;0;0;0;user;2;0;0;1;0;0;0;0;0;0;0
User 215;Department 23;Position 143;0;0;0;0;1;0;0;0;1;1;0;1;1;1;1;1;1;0;0;0;0;0;0;0;user;0;0;0;0;0;0;0;0;0;0;0
User 216;Department 43;Position 9;0;0;0;0;1;1;0;1;0;1;1;1;0;0;0;0;0;0;0;0;0;1;0;0;user;28;0;1;1;0;0;0;0;0;0;0
User 217;Department 19;Position 50;0;0;0;0;1;1;0;0;1;1;1;1;1;0;0;0;1;0;0;0;0;0;0;0;user;0;0;0;0;0;0;0;0;0;0;0
User 218;Department 33;Position 199;0;0;0;0;1;1;0;0;1;1;1;1;0;0;0;0;0;0;0;0;0;0;0;0;user;0;0;0;0;0;0;0;0;0;0;0
User 219;Department 48;Position 59;1;0;0;0;1;1;0;0;0;1;1;1;0;0;0;0;0;0;0;0;0;0;0;0;programmer;0;0;0;0;0;0;0;0;0;0;0
User 220;Department 13;Position 142;0;0;0;0;1;0;0;0;0;1;1;1;0;0;0;1;0;0;0;0;0;0;0;1;user;0;0;0;0;0;0;0;0;0;0;0
User 221;Department 45;Position 15;0;0;0;0;1;1;0;0;0;1;1;1;0;0;0;0;0;0;0;0;0;0;0;0;user;4;0;0;1;0;0;0;0;1;1;0
User 222;Department 41;Position 232;0;0;0;0;1;1;0;0;1;1;0;1;0;0;0;0;0;0;0;0;0;0;1;0;user;0;0;0;0;0;0;0;0;0;0;0
User 223;Department 32;Position 12;0;0;0;0;1;1;0;0;0;1;1;1;0;0;0;0;0;0;0;0;0;0;0;0;user;28;0;1;1;0;0;0;0;0;0;0
User 224;Department 47;Position 218;0;0;0;0;1;1;0;0;0;1;1;1;0;0;0;0;0;0;0;0;0;0;0;0;user;0;0;0;0;0;0;0;0;0;0;0
User 225;Department 47;Position 189;0;0;0;0;1;1;0;0;0;1;1;1;0;0;0;0;0;0;0;0;0;0;0;0;user;0;0;0;0;0;0;0;0;0;0;0
User 226;Department 47;Position 187;0;0;0;0;1;1;0;0;0;1;1;1;0;0;0;0;0;0;0;0;0;0;0;0;user;0;0;0;0;0;0;0;0;0;0;0
User 227;Department 37;Position 119;0;0;0;0;1;1;0;0;0;1;1;1;0;0;0;0;0;0;0;0;0;0;0;0;user;0;0;0;0;0;0;0;0;0;0;0
User 228;Department 47;Position 133;0;0;0;0;1;1;0;0;0;1;1;1;0;0;0;0;0;0;0;0;0;0;0;0;user;0;0;0;0;0;0;0;0;0;0;0
User 229;Department 48;Position 103;1;0;0;0;0;0;0;0;0;1;1;1;0;0;0;0;0;0;0;0;0;0;0;0;programmer;0;0;0;0;0;0;0;0;0;0;0
User 230;Department 48;Position 149;1;0;0;0;0;1;0;0;0;1;1;1;0;0;0;0;0;0;0;0;0;0;0;0;programmer;0;0;0;0;0;0;0;0;0;0;0
User 231;Department 22;Position 194;0;0;0;1;1;1;0;0;1;1;1;1;0;0;0;1;0;0;0;0;0;0;0;0;user;0;0;0;0;0;0;0;0;0;0;0
User 232;Department 47;Position 218;0;0;0;0;0;1;0;0;0;1;1;1;0;0;0;0;0;0;0;0;0;0;0;0;user;0;0;0;0;0;0;0;0;0;0;0
User 233;Department 49;Position 164;0;0;0;0;1;0;0;0;0;1;1;1;0;0;0;0;0;0;0;0;0;0;0;0;user;0;0;0;0;0;0;0;0;0;0;0
User 234;Department 1;Position 229;0;0;0;0;1;0;0;0;1;1;0;0;1;1;0;0;1;0;1;0;0;0;0;1;user;0;0;0;0;0;0;0;0;0;0;0
User 235;Department 47;Position 218;0;0;0;0;0;1;0;0;0;1;1;1;0;0;0;0;0;0;0;0;0;0;0;0;user;0;0;0;0;0;0;0;0;0;0;0
User 236;Department 48;Position 147;0;0;0;0;1;0;0;0;0;1;1;1;0;0;0;0;0;0;0;0;0;0;0;0;user;0;0;0;0;0;0;0;0;0;0;0
User 237;Department 49;Position 164;0;0;0;0;1;0;0;0;0;1;1;1;0;0;0;0;0;0;0;0;0;0;0;0;user;0;0;0;0;0;0;0;0;0;0;0
User 238;Department 49;Position 165;0;0;0;0;1;0;0;0;0;1;1;1;0;0;0;0;0;0;0;0;0;0;0;0;user;0;0;0;0;0;0;0;0;0;0;0
User 239;Department 40;Position 126;0;0;0;0;0;1;0;0;0;1;0;1;0;0;0;0;0;0;0;0;0;0;0;0;user;0;0;0;0;0;0;0;0;0;0;0
User 240;Department 4;Position 180;0;0;0;0;1;1;0;0;1;1;0;1;1;0;1;0;1;0;0;0;0;0;0;1;user;0;0;0;0;0;0;0;0;0;0;0
User 241;Department 48;Position 103;1;0;0;0;1;0;0;0;0;1;1;1;0;0;0;0;0;0;0;0;0;0;0;0;programmer;0;0;0;0;0;0;0;0;0;0;0
User 242;Department 14;Position 226;0;0;0;0;1;0;0;0;1;0;0;0;0;0;0;0;0;0;1;0;0;0;0;0;user;0;0;0;0;0;0;0;0;0;0;0
User 243;Department 48;Position 149;1;0;0;0;0;1;0;0;0;1;1;1;0;0;0;0;0;0;0;0;0;0;0;0;programmer;0;0;0;0;0;0;0;0;0;0;0
User 244;Department 15;Position 18;0;0;0;0;1;0;0;1;1;1;1;1;0;0;0;1;0;0;0;0;0;0;0;0;user;0;0;0;0;0;0;0;0;0;0;0
User 245;Department 49;Position 165;0;0;0;0;1;0;0;0;0;1;1;1;0;0;0;0;0;0;0;0;0;0;0;0;user;0;0;0;0;0;0;0;0;0;0;0
User 246;Department 22;Position 37;0;0;0;0;1;1;0;0;1;1;1;1;0;0;0;1;0;0;0;0;0;0;0;0;user;0;0;0;0;0;0;0;0;0;0;0
User 247;Department 48;Position 222;1;0;0;0;1;1;0;0;0;1;1;1;0;0;0;0;0;0;0;0;0;0;0;0;programmer;0;0;0;0;0;0;0;0;0;0;0
User 248;Department 48;Position 129;1;0;0;0;1;0;0;0;0;1;1;1;0;0;0;0;0;0;0;0;0;0;0;0;programmer;0;0;0;0;0;0;0;0;0;0;0
User 249;Department 48;Position 59;1;0;0;0;1;1;0;0;0;1;1;1;0;0;0;0;0;0;0;0;0;0;0;0;programmer;0;0;0;0;0;0;0;0;0;0;0
User 250;Department 46;Position 111;0;0;0;0;1;1;0;0;1;1;1;1;0;0;0;0;1;0;0;0;0;0;0;0;user;3;1;0;0;0;0;0;0;0;0;0
User 251;Department 1;Position 1;0;0;0;0;1;1;0;0;1;0;0;0;0;0;0;0;0;0;0;0;0;0;0;0;user;0;0;0;0;0;0;0;0;0;0;0
User 252;Department 13;Position 91;0;0;0;0;1;0;0;0;0;1;1;1;0;0;0;1;0;0;0;0;0;0;0;1;user;0;0;0;0;0;0;0;0;0;0;0
User 253;Department 14;Position 226;0;0;0;0;1;0;0;0;1;0;0;0;0;0;0;0;0;0;1;0;0;0;0;0;user;0;0;0;0;0;0;0;0;0;0;0
User 254;Department 14;Position 226;0;0;0;0;1;0;0;0;1;0;0;0;0;0;0;0;0;0;1;0;0;0;0;0;user;0;0;0;0;0;0;0;0;0;0;0
User 255;Department 45;Position 15;0;0;0;0;1;1;0;0;0;1;1;1;0;0;0;0;0;0;0;0;0;0;0;0;user;4;0;0;1;0;0;0;0;1;1;0
User 256;Department 22;Position 1;0;0;0;0;1;1;0;0;1;1;1;1;0;0;0;1;0;0;0;0;0;0;0;0;user;0;0;0;0;0;0;0;0;0;0;0
User 257;Department 47;Position 218;0;0;0;0;1;1;0;0;0;1;1;1;0;0;0;0;0;0;0;0;0;0;0;0;user;0;0;0;0;0;0;0;0;0;0;0
User 258;Department 31;Position 105;0;0;0;0;1;1;0;0;0;1;1;1;0;0;0;0;0;0;0;0;0;0;0;0;user;5;0;1;0;0;0;0;0;0;1;0
User 259;Department 30;Position 13;0;0;0;1;1;1;0;0;1;1;1;1;0;0;0;0;0;0;0;0;0;0;0;0;programmer;8;0;0;0;0;0;0;0;0;0;0
User 260;Department 3;Position 235;0;0;0;0;1;1;0;1;1;1;0;0;0;1;1;1;1;0;1;0;1;0;1;0;user;0;0;0;0;0;0;0;0;0;0;0
User 261;Department 50;Position 148;0;0;0;0;1;1;0;0;0;1;1;1;0;0;0;0;0;0;0;0;0;0;0;0;user;0;0;0;0;0;0;0;0;0;0;0
User 262;Department 47;Position 165;0;0;0;0;0;1;0;0;0;1;1;1;0;0;0;0;0;0;0;0;0;0;0;0;user;0;0;0;0;0;0;0;0;0;0;0
User 263;Department 37;Position 241;0;0;0;0;0;1;0;0;0;1;1;1;0;0;0;0;0;0;0;0;0;0;0;0;user;0;0;0;0;0;0;0;0;0;0;0
User 264;Department 35;Position 9;0;0;0;0;1;1;0;0;0;1;1;1;0;0;0;0;0;0;0;0;0;0;0;0;user;3;1;0;0;0;0;0;0;0;0;0
User 265;Department 47;Position 165;0;0;0;0;0;1;0;0;0;1;1;1;0;0;0;0;0;0;0;0;0;0;0;0;user;0;0;0;0;0;0;0;0;0;0;0
User 266;Department 39;Position 9;0;0;0;0;0;0;0;0;1;1;1;1;0;0;0;0;1;0;0;0;0;0;0;0;user;0;0;0;0;0;0;0;0;0;0;0
User 267;Department 13;Position 48;0;0;0;0;1;0;0;0;1;1;1;1;1;0;0;0;0;0;0;0;0;0;0;1;user;0;0;0;0;0;0;0;0;0;0;0
User 268;Department 24;Position 2;0;0;0;0;1;0;0;0;1;1;0;1;0;0;0;1;1;0;0;0;0;0;0;0;user;0;0;0;0;0;0;0;0;0;0;0
User 269;Department 4;Position 224;0;0;0;0;1;0;0;0;1;1;0;0;1;0;1;0;1;0;0;0;0;0;0;1;user;0;0;0;0;0;0;0;0;0;0;0
User 270;Department 47;Position 249;0;0;0;0;1;1;0;0;0;1;1;1;0;0;0;0;0;0;0;0;0;0;0;0;user;0;0;0;0;0;0;0;0;0;0;0
User 271;Department 4;Position 224;0;0;0;0;1;0;0;0;1;1;0;0;1;0;1;0;1;0;0;0;0;0;0;1;user;0;0;0;0;0;0;0;0;0;0;0
User 272;Department 31;Position 208;0;0;0;1;1;1;0;0;0;1;1;1;0;0;0;0;0;0;0;0;0;1;0;1;programmer;2;0;0;0;1;0;0;0;0;0;0
User 273;Department 31;Position 208;0;0;0;1;1;1;0;0;1;1;1;1;0;0;0;0;0;0;0;0;0;0;0;1;programmer;2;0;0;0;1;0;0;0;0;0;0
User 274;Department 33;Position 186;1;0;0;1;1;0;0;0;1;1;1;1;0;0;0;0;0;0;0;0;0;0;0;0;programmer;0;0;0;0;0;0;0;0;0;0;0
User 275;Department 11;Position 3;1;0;1;1;1;0;1;0;1;1;0;0;0;0;0;1;1;0;0;0;0;1;0;0;admin;1;0;0;0;0;0;0;1;0;0;0
User 276;Department 24;Position 2;0;0;0;0;1;1;0;0;1;1;0;1;0;0;0;1;1;0;0;0;0;0;0;0;user;0;0;0;0;0;0;0;0;0;0;0
User 277;Department 22;Position 9;0;0;0;0;1;0;0;0;1;1;1;1;0;0;0;1;0;0;0;0;0;0;0;0;user;0;0;0;0;0;0;0;0;0;0;0
User 278;Department 24;Position 2;0;0;0;0;1;1;0;0;1;1;0;1;0;0;0;1;1;0;0;0;0;0;0;0;user;0;0;0;0;0;0;0;0;0;0;0
User 279;Department 31;Position 13;0;0;0;1;1;1;0;0;0;1;1;1;0;0;0;0;0;0;0;0;0;0;0;0;programmer;8;0;1;0;0;0;0;0;0;1;1
User 280;Department 17;Position 44;0;0;0;0;1;0;0;0;1;1;0;0;1;1;0;0;1;0;0;1;0;0;0;0;user;0;0;0;0;0;0;0;0;0;0;0
User 281;Department 47;Position 133;0;0;0;0;1;1;0;0;0;1;1;1;0;0;0;0;0;0;0;0;0;0;0;0;user;0;0;0;0;0;0;0;0;0;0;0
User 282;Department 35;Position 12;0;0;0;0;1;1;0;0;0;1;1;1;0;0;0;0;0;0;0;0;0;0;0;0;user;3;1;0;0;0;0;0;0;0;0;0
User 283;Department 47;Position 165;0;0;0;0;0;1;0;0;0;1;1;1;0;0;0;0;0;0;0;0;0;0;0;0;user;0;0;0;0;0;0;0;0;0;0;0
User 284;Department 32;Position 208;0;0;0;1;0;1;0;0;0;1;1;1;0;0;0;0;0;0;0;0;0;0;0;1;programmer;29;0;1;1;0;0;0;0;0;0;0
User 285;Department 32;Position 208;0;0;0;1;1;1;0;0;0;1;1;1;0;0;0;0;0;0;0;0;0;0;0;1;user;1;0;0;0;0;0;0;0;0;0;0
User 286;Department 18;Position 141;0;0;0;0;1;0;0;0;1;1;0;0;0;1;1;1;1;0;0;0;0;0;0;1;user;1;0;0;0;0;0;1;0;0;0;0
User 287;Department 47;Position 165;0;0;0;0;0;1;0;0;0;1;1;1;0;0;0;0;0;0;0;0;0;0;0;0;user;0;0;0;0;0;0;0;0;0;0;0
User 288;Department 22;Position 9;0;0;0;1;1;1;0;0;1;1;1;1;0;0;0;1;0;0;0;0;0;0;0;0;user;0;0;0;0;0;0;0;0;0;0;0
User 289;Department 10;Position 85;0;0;0;0;1;0;0;0;0;1;1;1;0;0;0;0;0;0;0;0;0;0;0;0;user;0;0;0;0;0;0;0;0;0;0;0
User 290;Department 35;Position 208;0;0;0;0;1;0;0;0;1;1;1;1;0;0;0;0;0;0;0;0;0;0;0;1;user;3;0;0;0;0;0;0;0;0;0;0
User 291;Department 35;Position 238;0;0;0;0;1;1;0;0;0;1;1;1;0;0;0;0;0;0;0;0;0;0;0;0;user;3;1;0;0;1;0;0;0;0;0;0
User 292;Department 35;Position 244;0;0;0;0;1;1;0;0;1;1;1;1;0;0;0;0;0;0;0;0;0;0;0;1;user;2;0;0;0;0;0;0;0;0;0;0
User 293;Department 35;Position 247;0;0;0;0;1;1;0;0;1;1;1;1;0;0;0;0;0;0;0;0;0;0;0;0;user;3;0;0;0;0;0;0;0;0;0;0
User 294;Department 44;Position 26;0;0;0;0;1;1;0;0;1;1;1;1;0;0;0;0;0;0;0;0;0;0;0;0;user;0;0;0;0;0;0;0;0;0;0;0
User 295;Department 18;Position 77;0;0;0;0;1;1;0;0;1;1;0;0;1;1;1;1;1;0;0;0;0;0;0;1;user;1;0;0;0;0;0;1;0;0;0;0
User 296;Department 12;Position 46;1;1;0;1;1;1;1;0;1;1;0;1;1;0;0;0;0;1;0;0;0;0;0;0;admin;0;0;0;0;0;0;0;0;0;0;0
User 297;Department 22;Position 37;0;0;0;0;1;1;0;0;1;1;1;1;0;0;0;1;0;0;0;0;0;0;0;0;user;0;0;0;0;0;0;0;0;0;0;0
User 298;Department 19;Position 38;0;0;0;0;1;0;0;0;1;1;1;1;0;0;0;0;1;0;0;0;0;0;0;0;user;0;0;0;0;0;0;0;0;0;0;0
User 299;Department 4;Position 131;0;0;0;0;1;1;0;1;1;1;0;1;1;1;1;1;1;0;0;1;1;0;1;1;user;0;0;0;0;0;0;0;0;0;0;0
User 300;Department 12;Position 13;1;0;1;1;0;1;0;0;1;1;0;1;0;0;0;0;0;1;0;0;0;0;0;0;admin;0;0;0;0;0;0;0;0;0;0;0
User 301;Department 12;Position 13;1;0;1;1;1;1;0;0;0;1;0;1;0;0;0;0;0;0;0;0;0;0;0;0;admin;0;0;0;0;0;0;0;0;0;0;0
User 302;Department 19;Position 40;0;0;0;0;1;0;0;0;1;1;1;1;0;0;0;0;1;0;0;0;0;0;0;0;user;0;0;0;0;0;0;0;0;0;0;0
User 303;Department 19;Position 18;0;0;0;0;1;1;0;0;1;1;1;1;0;0;0;0;1;0;0;0;0;0;0;0;user;0;0;0;0;0;0;0;0;0;0;0
User 304;Department 46;Position 4;0;0;0;0;1;0;0;0;1;1;1;1;0;0;0;0;1;0;0;0;0;0;0;0;user;0;0;0;0;0;0;0;0;0;0;0
User 305;Department 28;Position 178;0;0;0;0;1;1;0;0;1;1;0;1;1;1;0;0;1;0;0;0;0;0;0;0;user;0;0;0;0;0;0;0;0;0;0;0
User 306;Department 22;Position 86;0;0;0;0;1;1;0;0;1;1;1;1;0;0;0;1;0;0;0;0;0;0;0;0;user;0;0;0;0;0;0;0;0;0;0;0
User 307;Department 51;Position 157;0;0;0;0;1;1;0;0;0;1;1;1;0;0;0;0;0;0;0;0;0;0;0;0;user;0;0;0;0;0;0;0;0;0;0;0
User 308;Department 36;Position 204;0;0;0;0;1;0;1;0;1;1;0;0;1;0;0;0;1;1;0;0;0;0;0;1;user;1;0;0;0;0;0;0;1;0;0;0
User 309;Department 45;Position 105;0;0;0;0;1;0;0;0;0;1;1;1;0;0;0;0;0;0;0;0;0;0;0;0;user;4;0;0;1;0;0;0;0;1;1;0
User 310;Department 37;Position 120;0;0;0;0;1;1;0;0;1;1;1;1;0;0;0;0;0;0;0;0;0;0;0;0;user;0;0;0;0;0;0;0;0;0;0;0
User 311;Department 47;Position 165;0;0;0;0;0;1;0;0;0;1;1;1;0;0;0;0;0;0;0;0;0;0;0;0;user;0;0;0;0;0;0;0;0;0;0;0
User 312;Department 28;Position 178;0;0;0;0;1;1;0;0;1;1;0;1;1;1;0;0;1;0;0;0;0;0;0;0;user;0;0;0;0;0;0;0;0;0;0;0
User 313;Department 30;Position 208;0;0;0;0;1;0;0;0;1;1;1;1;0;0;0;0;0;0;0;0;0;0;0;1;user;8;0;0;0;0;0;0;0;0;0;0
User 314;Department 1;Position 98;0;0;0;0;1;0;0;0;1;1;0;0;1;0;0;0;1;0;0;0;0;0;0;1;user;0;0;0;0;0;0;0;0;0;0;0
User 315;Department 47;Position 165;0;0;0;0;0;1;0;0;0;1;1;1;0;0;0;0;0;0;0;0;0;0;0;0;user;0;0;0;0;0;0;0;0;0;0;0
User 316;Department 45;Position 116;0;0;0;0;1;1;0;0;0;1;1;1;0;0;0;0;0;0;0;0;0;0;0;0;user;4;0;0;1;0;0;0;0;1;1;0
User 317;Department 3;Position 69;0;0;0;0;1;1;0;0;1;1;0;0;0;1;1;1;1;0;1;0;0;0;0;0;user;0;0;0;0;0;0;0;0;0;0;0
User 318;Department 31;Position 201;0;0;0;1;1;1;0;0;0;1;1;1;0;0;0;0;0;0;0;0;0;0;0;0;programmer;3;0;1;0;0;0;0;0;0;1;0
User 319;Department 31;Position 201;0;0;0;1;1;1;0;0;1;1;1;1;0;0;0;0;0;0;0;0;0;0;0;0;programmer;3;0;1;0;0;0;0;0;0;1;0
User 320;Department 27;Position 7;0;0;0;0;1;1;0;0;1;1;0;1;1;1;1;1;1;0;0;0;0;0;0;0;user;0;0;0;0;0;0;0;0;0;0;0
User 321;Department 4;Position 68;0;0;0;0;1;1;0;1;1;1;0;1;1;1;1;1;1;0;0;0;1;0;0;1;user;0;0;0;0;0;0;0;0;0;0;0
User 322;Department 35;Position 239;0;0;0;1;1;0;0;0;0;1;1;1;0;0;0;0;0;0;0;0;0;0;0;0;programmer;3;0;0;1;0;0;0;0;0;0;0
User 323;Department 31;Position 208;0;0;0;1;1;0;0;0;0;1;1;1;0;0;0;0;0;0;0;0;0;0;0;1;programmer;6;0;1;0;0;1;0;0;0;1;0
User 324;Department 31;Position 208;0;0;0;1;1;0;0;0;1;1;1;1;0;0;0;0;0;0;0;0;0;1;0;1;programmer;6;0;1;0;0;1;0;0;0;1;0
User 325;Department 22;Position 86;0;0;0;1;0;1;0;0;1;1;1;1;0;0;0;1;0;0;0;0;0;0;0;0;user;0;0;0;0;0;0;0;0;0;0;0
User 326;Department 1;Position 231;0;0;0;0;1;1;0;0;1;1;0;0;1;0;1;1;1;0;0;0;0;0;0;1;user;0;0;0;0;0;0;0;0;0;0;0
User 327;Department 26;Position 41;0;0;0;0;1;1;0;0;1;1;0;1;1;1;1;1;1;0;0;0;0;0;1;0;user;0;0;0;0;0;0;0;0;0;0;0
User 328;Department 19;Position 234;0;0;0;0;1;1;0;0;1;1;1;1;0;0;0;0;1;0;0;0;0;0;0;0;user;0;0;0;0;0;0;0;0;0;0;0
User 329;Department 45;Position 115;0;0;0;0;1;1;0;0;0;1;1;1;0;0;0;0;0;0;0;0;0;1;0;0;user;4;0;0;1;0;0;0;0;1;1;0
User 330;Department 10;Position 200;0;0;0;0;1;1;0;0;0;1;1;1;0;0;0;0;0;0;0;0;0;0;0;0;user;0;0;0;0;0;0;0;0;0;0;0
User 331;Department 1;Position 98;0;0;0;0;1;0;0;0;1;1;0;0;1;0;0;0;1;0;0;0;0;0;0;1;user;0;0;0;0;0;0;0;0;0;0;0
User 332;Department 31;Position 9;0;0;0;0;1;0;0;0;0;1;1;1;0;0;0;0;0;0;0;0;0;0;0;0;user;6;0;1;0;0;1;0;0;0;1;0
User 333;Department 31;Position 9;0;0;0;1;1;0;0;0;1;1;1;1;0;0;0;0;0;0;0;0;0;0;0;0;user;6;0;1;0;0;1;0;0;0;1;0
User 334;Department 48;Position 222;1;0;0;0;1;1;0;0;0;1;1;1;0;0;0;0;0;0;0;0;0;0;0;0;programmer;0;0;0;0;0;0;0;0;0;0;0
User 335;Department 19;Position 37;0;0;0;0;1;1;0;0;1;1;1;1;0;0;0;0;1;0;0;0;0;0;0;0;user;0;0;0;0;0;0;0;0;0;0;0
User 336;Department 33;Position 186;1;0;0;1;1;0;0;0;1;1;1;1;0;0;0;0;0;0;0;0;0;0;0;0;programmer;0;0;0;0;0;0;0;0;0;0;0
User 337;Department 39;Position 140;0;0;0;0;1;0;0;0;1;1;1;1;0;0;0;0;1;0;0;0;0;0;0;0;user;0;0;0;0;0;0;0;0;0;0;0
User 338;Department 32;Position 85;0;0;0;1;0;1;0;0;0;1;1;1;0;0;0;0;0;0;0;0;0;0;0;0;programmer;28;0;1;1;0;0;0;0;0;0;0
User 339;Department 32;Position 85;0;0;0;1;1;1;0;0;0;1;1;1;0;0;0;0;0;0;0;0;0;0;0;0;user;0;0;0;0;0;0;0;0;0;0;0
User 340;Department 35;Position 13;0;0;0;1;1;0;0;0;0;1;1;1;0;0;0;0;0;0;0;0;0;0;0;0;programmer;3;0;0;1;0;0;0;0;0;0;0
User 341;Department 19;Position 39;0;0;0;0;1;1;0;0;1;1;1;1;0;0;0;0;1;0;0;0;0;0;0;0;user;0;0;0;0;0;0;0;0;0;0;0
User 342;Department 50;Position 101;0;0;0;0;1;0;0;0;0;1;1;1;0;0;0;0;0;0;0;0;0;0;0;0;user;0;0;0;0;0;0;0;0;0;0;0
User 343;Department 31;Position 13;0;0;0;1;1;1;0;0;1;1;1;1;0;0;0;0;0;0;0;0;0;0;0;0;programmer;9;0;1;0;0;0;0;1;0;1;1
User 344;Department 49;Position 165;0;0;0;0;1;0;0;0;0;1;1;1;0;0;0;0;0;0;0;0;0;0;0;0;user;0;0;0;0;0;0;0;0;0;0;0
User 345;Department 50;Position 101;0;0;0;0;1;1;0;1;0;1;1;1;0;0;0;0;0;0;0;0;0;0;0;0;user;0;0;0;0;0;0;0;0;0;0;0
User 346;Department 43;Position 9;0;0;0;0;1;0;0;0;0;1;1;1;0;0;0;0;0;0;0;0;0;1;0;0;user;28;0;1;1;0;0;0;0;0;0;0
User 347;Department 44;Position 210;0;0;0;0;1;1;0;0;1;1;1;1;0;0;0;0;0;0;0;0;0;0;0;0;user;0;0;0;0;0;0;0;0;0;0;0
User 348;Department 1;Position 225;0;0;0;0;1;0;0;0;1;1;0;0;1;0;0;0;1;0;0;0;0;0;0;1;user;0;0;0;0;0;0;0;0;0;0;0
User 349;Department 15;Position 92;0;0;0;0;1;1;0;0;1;1;1;1;0;0;0;1;0;0;0;0;0;0;0;0;user;0;0;0;0;0;0;0;0;0;0;0
User 350;Department 21;Position 207;0;0;0;0;1;0;0;0;1;1;0;1;0;0;0;1;1;0;0;0;0;0;0;1;user;0;0;0;0;0;0;0;0;0;0;0
User 351;Department 1;Position 195;0;0;0;0;1;1;0;0;1;1;0;0;1;0;1;1;1;0;0;1;0;0;0;1;user;0;0;0;0;0;0;0;0;0;0;0
User 352;Department 45;Position 88;0;0;0;0;1;0;0;0;0;1;1;1;0;0;0;0;0;0;0;0;0;0;0;0;user;4;0;0;1;0;0;0;0;1;1;0
User 353;Department 17;Position 192;0;0;0;0;1;1;0;0;1;1;0;0;1;1;0;0;1;0;0;1;0;0;0;0;user;0;0;0;0;0;0;0;0;0;0;0
User 354;Department 17;Position 29;0;0;0;0;1;1;0;0;1;1;0;0;1;1;0;0;1;0;0;1;0;0;0;0;user;0;0;0;0;0;0;0;0;0;0;0
User 355;Department 24;Position 208;0;0;0;0;1;0;0;0;1;1;1;1;0;0;0;0;0;0;0;0;0;0;0;1;user;0;0;0;0;0;0;0;0;0;0;0
User 356;Department 4;Position 176;0;0;0;0;1;1;0;1;1;1;0;1;1;1;1;0;1;0;0;1;1;0;0;1;user;0;0;0;0;0;0;0;0;0;0;0
User 357;Department 12;Position 230;1;0;1;1;1;1;0;0;1;1;0;1;0;1;0;0;1;0;0;0;0;1;0;0;programmer;0;0;0;0;0;0;0;0;0;0;0
User 358;Department 53;Position 108;0;0;0;0;1;0;0;0;1;1;0;1;0;0;0;0;0;0;0;0;0;0;0;0;user;0;0;0;0;0;0;0;0;0;0;0
User 359;Department 45;Position 27;0;0;0;0;1;1;0;0;0;1;1;1;0;0;0;0;0;0;0;0;0;0;0;0;user;4;0;0;1;0;0;0;0;1;1;0
User 360;Department 19;Position 105;0;0;0;0;1;1;0;0;1;1;1;1;0;0;0;0;1;0;0;0;0;0;0;0;user;0;0;0;0;0;0;0;0;0;0;0
User 361;Department 48;Position 146;1;0;0;0;1;0;0;0;0;1;1;1;0;0;0;0;0;0;0;0;0;0;0;0;programmer;0;0;0;0;0;0;0;0;0;0;0
User 362;Department 47;Position 218;0;0;0;0;0;1;0;0;0;1;1;1;0;0;0;0;0;0;0;0;0;0;0;0;user;0;0;0;0;0;0;0;0;0;0;0
User 363;Department 47;Position 138;0;0;0;0;1;0;0;0;0;1;1;1;0;0;0;0;0;0;0;0;0;0;0;0;user;0;0;0;0;0;0;0;0;0;0;0
User 364;Department 48;Position 242;1;0;0;0;1;0;0;0;0;1;1;1;0;0;0;0;0;0;0;0;0;0;0;0;programmer;0;0;0;0;0;0;0;0;0;0;0
User 365;Department 48;Position 223;1;0;0;0;1;1;0;0;0;1;1;1;0;0;0;0;0;0;0;0;0;0;0;0;programmer;0;0;0;0;0;0;0;0;0;0;0
User 366;Department 39;Position 99;0;0;0;0;1;0;0;0;1;1;1;1;0;0;0;0;1;0;0;0;0;0;0;0;user;0;0;0;0;0;0;0;0;0;0;0
User 367;Department 48;Position 103;1;0;0;0;0;1;0;0;0;1;1;1;0;0;0;0;0;0;0;0;0;0;0;0;programmer;0;0;0;0;0;0;0;0;0;0;0
User 368;Department 49;Position 165;0;0;0;0;1;0;0;0;0;1;1;1;0;0;0;0;0;0;0;0;0;0;0;0;user;0;0;0;0;0;0;0;0;0;0;0
User 369;Department 49;Position 165;0;0;0;0;1;0;0;0;0;1;1;1;0;0;0;0;0;0;0;0;0;0;0;0;user;0;0;0;0;0;0;0;0;0;0;0
User 370;Department 32;Position 9;1;0;0;1;1;0;0;0;0;1;1;1;0;0;0;0;0;0;0;0;0;0;0;0;programmer;28;0;1;1;0;0;0;0;0;0;0
User 371;Department 47;Position 218;0;0;0;0;0;1;0;0;0;1;1;1;0;0;0;0;0;0;0;0;0;0;0;0;user;0;0;0;0;0;0;0;0;0;0;0
User 372;Department 47;Position 133;0;0;0;0;1;0;0;0;0;1;1;1;0;0;0;0;0;0;0;0;0;0;0;0;user;0;0;0;0;0;0;0;0;0;0;0
User 373;Department 48;Position 136;1;0;0;0;1;0;0;0;0;1;1;1;0;0;0;0;0;0;0;0;0;0;0;0;programmer;0;0;0;0;0;0;0;0;0;0;0
User 374;Department 48;Position 148;1;0;0;0;0;1;0;0;0;1;1;1;0;0;0;0;0;0;0;0;0;0;0;0;programmer;0;0;0;0;0;0;0;0;0;0;0
User 375;Department 48;Position 149;1;0;0;0;0;1;0;0;0;1;1;1;0;0;0;0;0;0;0;0;0;0;0;0;programmer;0;0;0;0;0;0;0;0;0;0;0
User 376;Department 19;Position 112;0;0;0;0;1;0;0;0;1;1;1;1;0;0;0;0;1;0;0;0;0;0;0;0;user;0;0;0;0;0;0;0;0;0;0;0
User 377;Department 49;Position 166;0;0;0;0;1;0;0;0;0;1;1;1;0;0;0;0;0;0;0;0;0;0;0;0;user;0;0;0;0;0;0;0;0;0;0;0
User 378;Department 12;Position 19;1;0;1;1;1;1;0;0;1;1;0;1;0;1;0;0;1;0;0;0;0;1;0;0;programmer;0;0;0;0;0;0;0;0;0;0;0
User 379;Department 33;Position 183;0;0;0;0;1;1;0;0;1;1;1;1;0;0;0;0;0;0;0;0;0;0;0;0;user;0;0;0;0;0;0;0;0;0;0;0
User 380;Department 45;Position 15;0;0;0;0;1;1;0;0;0;1;1;1;0;0;0;0;0;0;0;0;0;0;0;0;user;4;0;0;1;0;0;0;0;1;1;0
User 381;Department 48;Position 135;1;0;0;0;1;0;0;0;0;1;1;1;0;0;0;0;0;0;0;0;0;0;0;0;programmer;0;0;0;0;0;0;0;0;0;0;0
User 382;Department 32;Position 202;0;0;0;1;1;0;0;0;0;1;1;1;0;0;0;0;0;0;0;0;0;1;0;0;programmer;4;0;0;1;0;0;0;0;0;0;0
User 383;Department 45;Position 15;0;0;0;0;1;1;0;1;0;1;1;1;0;0;0;0;0;0;0;0;0;1;0;0;user;4;0;0;1;0;0;0;0;1;1;0
User 384;Department 22;Position 9;0;0;0;1;1;1;0;0;1;1;1;1;0;0;0;1;0;0;0;0;0;0;0;0;user;0;0;0;0;0;0;0;0;0;0;0
User 385;Department 23;Position 143;0;0;0;0;1;1;0;0;1;1;0;1;1;1;1;1;1;0;0;0;0;0;0;0;user;0;0;0;0;0;0;0;0;0;0;0
User 386;Department 15;Position 37;0;0;0;0;1;0;0;0;1;1;1;1;0;0;0;1;0;0;0;0;0;0;0;0;user;0;0;0;0;0;0;0;0;0;0;0
User 387;Department 23;Position 81;0;0;0;0;1;0;0;0;1;1;0;1;1;1;1;1;1;0;0;0;0;0;0;0;user;0;0;0;0;0;0;0;0;0;0;0
User 388;Department 47;Position 218;0;0;0;0;1;1;0;0;0;1;1;1;0;0;0;0;0;0;0;0;0;0;0;0;user;0;0;0;0;0;0;0;0;0;0;0
User 389;Department 47;Position 171;0;0;0;0;0;1;0;0;0;1;1;1;0;0;0;0;0;0;0;0;0;0;0;0;user;0;0;0;0;0;0;0;0;0;0;0
User 390;Department 47;Position 171;0;0;0;0;1;1;0;0;0;1;1;1;0;0;0;0;0;0;0;0;0;0;0;0;user;0;0;0;0;0;0;0;0;0;0;0
User 391;Department 27;Position 89;0;0;0;0;1;1;0;0;1;1;0;1;1;1;0;0;1;0;0;0;0;0;0;0;user;0;0;0;0;0;0;0;0;0;0;0
User 392;Department 48;Position 95;1;0;0;0;0;1;0;0;0;1;1;1;0;0;0;0;0;0;0;0;0;0;0;0;programmer;0;0;0;0;0;0;0;0;0;0;0
User 393;Department 48;Position 95;1;0;0;0;1;1;0;0;0;1;1;1;0;0;0;0;0;0;0;0;0;0;0;0;user;0;0;0;0;0;0;0;0;0;0;0
User 394;Department 1;Position 214;0;0;0;0;1;1;0;0;1;1;0;0;1;0;0;0;1;0;0;0;0;0;0;1;user;0;0;0;0;0;0;0;0;0;0;0
User 395;Department 22;Position 86;0;0;0;0;1;1;0;0;1;1;1;1;0;0;0;1;0;0;0;0;0;0;0;0;user;0;0;0;0;0;0;0;0;0;0;0
User 396;Department 22;Position 85;0;0;0;0;1;0;0;0;1;1;1;1;0;0;0;1;0;0;0;0;0;0;0;0;user;0;0;0;0;0;0;0;0;0;0;0
User 397;Department 46;Position 111;0;0;0;0;1;1;0;0;1;1;1;1;0;0;0;0;1;0;0;0;0;0;0;0;user;0;0;0;0;0;0;0;0;0;0;0
User 398;Department 28;Position 56;0;0;0;0;1;0;0;0;1;1;0;1;1;0;0;0;0;0;0;0;0;0;0;0;user;0;0;0;0;0;0;0;0;0;0;0
User 399;Department 45;Position 84;0;0;0;0;1;1;0;0;0;1;1;1;0;0;0;0;0;0;0;0;0;0;0;0;user;4;0;0;1;0;0;0;0;1;1;0
User 400;Department 14;Position 226;0;0;0;0;1;0;0;0;1;0;0;0;0;0;0;0;0;0;1;0;0;0;0;0;user;0;0;0;0;0;0;0;0;0;0;0
User 401;Department 45;Position 105;0;0;0;0;1;1;0;0;0;1;1;1;0;0;0;0;0;0;0;0;0;0;0;0;user;4;0;0;1;0;0;0;0;1;1;0
User 402;Department 32;Position 9;0;0;0;1;1;0;0;0;0;1;1;1;0;0;0;0;0;0;0;0;0;1;1;0;programmer;1;0;0;0;0;0;0;0;0;0;0
User 403;Department 47;Position 167;0;0;0;0;0;0;0;0;0;1;1;1;0;0;0;0;0;0;0;0;0;0;0;0;user;0;0;0;0;0;0;0;0;0;0;0
User 404;Department 39;Position 209;0;0;0;0;1;1;0;0;0;1;1;1;0;0;0;0;1;0;0;0;0;0;0;0;user;0;0;0;0;0;0;0;0;0;0;0
User 405;Department 39;Position 209;0;0;0;0;0;0;0;0;0;1;1;1;0;0;0;0;1;0;0;0;0;0;0;0;user;0;0;0;0;0;0;0;0;0;0;0
User 406;Department 13;Position 142;0;0;0;0;1;0;0;0;0;1;1;1;0;0;0;1;0;0;0;0;0;0;0;1;user;0;0;0;0;0;0;0;0;0;0;0
User 407;Department 23;Position 143;0;0;0;0;1;1;0;0;1;1;0;1;1;1;1;1;1;0;0;0;0;0;1;0;user;6;0;1;0;0;0;0;0;0;0;0
User 408;Department 22;Position 9;0;0;0;0;1;0;0;0;1;1;1;1;0;0;0;1;0;0;0;0;0;0;0;0;user;0;0;0;0;0;0;0;0;0;0;0
User 409;Department 46;Position 111;0;0;0;0;1;0;0;0;1;1;1;1;0;0;0;0;1;0;0;0;0;0;0;0;user;0;0;0;0;0;0;0;0;0;0;0
User 410;Department 47;Position 167;0;0;0;0;1;0;0;0;0;1;1;1;0;0;0;0;0;0;0;0;0;0;0;0;user;0;0;0;0;0;0;0;0;0;0;0
User 411;Department 35;Position 201;0;0;0;0;1;1;0;0;1;1;1;1;0;0;0;0;0;0;0;0;0;0;0;0;user;3;0;0;0;0;0;0;0;0;0;0
User 412;Department 22;Position 87;0;0;0;0;1;0;0;0;1;1;1;1;0;0;0;1;0;0;0;0;0;0;0;0;user;0;0;0;0;0;0;0;0;0;0;0
User 413;Department 12;Position 19;1;0;1;1;1;1;0;0;1;1;0;1;0;1;0;0;1;0;0;0;0;1;0;0;programmer;0;0;0;0;0;0;0;0;0;0;0
User 414;Department 3;Position 123;0;0;0;0;0;1;0;0;1;1;0;0;0;1;1;1;1;0;1;0;0;0;0;0;user;0;0;0;0;0;0;0;0;0;0;0
User 415;Department 46;Position 111;0;0;0;0;1;1;0;0;1;1;1;1;0;0;0;0;1;0;0;0;0;0;0;0;user;0;0;0;0;0;0;0;0;0;0;0
User 416;Department 3;Position 6;0;0;0;0;1;1;0;0;1;1;0;0;0;1;1;1;1;0;1;0;0;0;0;0;user;0;0;0;0;0;0;0;0;0;0;0
User 417;Department 48;Position 147;1;0;0;0;1;1;0;0;0;1;1;1;0;0;0;0;0;0;0;0;0;0;0;0;programmer;0;0;0;0;0;0;0;0;0;0;0
User 418;Department 37;Position 155;0;0;0;0;1;1;0;0;1;1;1;1;0;0;0;0;0;0;0;0;0;0;0;0;user;0;0;0;0;0;0;0;0;0;0;0
User 419;Department 48;Position 103;1;0;0;0;1;0;0;0;0;1;1;1;0;0;0;0;0;0;0;0;0;0;0;0;programmer;0;0;0;0;0;0;0;0;0;0;0
User 420;Department 47;Position 59;0;0;0;0;0;1;0;0;0;1;1;1;0;0;0;0;0;0;0;0;0;0;0;0;user;0;0;0;0;0;0;0;0;0;0;0
User 421;Department 22;Position 86;0;0;0;0;0;0;0;0;0;1;1;1;0;0;0;1;0;0;0;0;0;0;0;0;user;0;0;0;0;0;0;0;0;0;0;0
User 422;Department 47;Position 167;0;0;0;0;1;0;0;0;0;1;1;1;0;0;0;0;0;0;0;0;0;0;0;0;user;0;0;0;0;0;0;0;0;0;0;0
User 423;Department 47;Position 216;0;0;0;0;0;1;0;0;0;1;1;1;0;0;0;0;0;0;0;0;0;0;0;0;user;0;0;0;0;0;0;0;0;0;0;0
User 424;Department 48;Position 103;1;0;0;0;0;1;0;0;0;1;1;1;0;0;0;0;0;0;0;0;0;0;0;0;programmer;0;0;0;0;0;0;0;0;0;0;0
User 425;Department 47;Position 236;0;0;0;0;0;0;0;0;0;1;1;1;0;0;0;0;0;0;0;0;0;0;0;0;user;0;0;0;0;0;0;0;0;0;0;0
User 426;Department 22;Position 86;0;0;0;1;1;0;0;0;1;1;1;1;0;0;0;1;0;0;0;0;0;0;0;0;user;0;0;0;0;0;0;0;0;0;0;0
User 427;Department 28;Position 57;0;0;0;0;1;0;0;0;1;1;1;1;1;0;0;1;1;0;0;0;0;0;0;0;user;0;0;0;0;0;0;0;0;0;0;0
User 428;Department 45;Position 15;0;0;0;0;1;1;0;0;0;1;1;1;0;0;0;0;0;0;0;0;0;0;0;0;user;4;0;0;1;0;0;0;0;1;1;0
User 429;Department 15;Position 28;0;0;0;0;1;0;0;0;1;1;1;1;0;0;0;1;0;0;0;0;0;0;0;0;user;0;0;0;0;0;0;0;0;0;0;0
User 430;Department 1;Position 214;0;0;0;0;1;1;0;0;1;1;0;0;1;0;0;0;1;0;0;0;0;0;0;1;user;0;0;0;0;0;0;0;0;0;0;0
User 431;Department 4;Position 67;0;0;0;0;1;1;0;1;1;1;0;1;1;0;1;1;1;0;0;0;1;0;0;1;user;4;0;0;0;0;0;0;0;0;0;0
User 432;Department 15;Position 47;0;0;0;0;1;1;0;0;1;1;1;1;1;0;0;0;1;0;0;0;0;0;0;0;user;0;0;0;0;0;0;0;0;0;0;0
User 433;Department 22;Position 86;0;0;0;0;1;1;0;0;1;1;1;1;0;0;0;1;0;0;0;0;0;0;0;0;user;0;0;0;0;0;0;0;0;0;0;0
User 434;Department 4;Position 224;0;0;0;0;1;0;0;0;1;1;0;0;1;0;1;0;1;0;0;0;0;0;0;1;user;0;0;0;0;0;0;0;0;0;0;0
User 435;Department 25;Position 208;0;0;0;0;1;0;0;0;1;1;1;1;0;0;0;0;0;0;0;0;0;0;0;1;user;0;0;0;0;0;0;0;0;0;0;0
User 436;Department 35;Position 238;0;0;0;0;1;1;0;0;0;1;1;1;0;0;0;0;0;0;0;0;0;0;0;0;user;2;0;0;0;0;0;0;0;0;0;0
User 437;Department 43;Position 86;0;0;0;0;1;1;0;1;0;1;1;1;0;0;0;0;0;0;0;0;0;1;0;0;user;28;0;1;1;0;0;0;0;0;0;0
User 438;Department 43;Position 86;0;0;0;0;1;1;0;1;1;1;1;1;0;0;0;0;0;0;0;0;0;0;0;0;user;28;0;1;1;0;0;0;0;0;0;0
User 439;Department 22;Position 86;0;0;0;0;1;1;0;0;1;1;1;1;0;0;0;1;0;0;0;0;0;0;0;0;user;0;0;0;0;0;0;0;0;0;0;0
User 440;Department 50;Position 148;0;0;0;0;1;1;0;0;0;1;1;1;0;0;0;0;0;0;0;0;0;0;0;0;user;0;0;0;0;0;0;0;0;0;0;0
User 441;Department 30;Position 13;0;0;0;1;1;1;0;0;1;1;1;1;0;0;0;0;0;0;0;0;0;0;0;0;programmer;8;0;0;0;0;0;0;0;0;0;0
User 442;Department 12;Position 197;1;0;0;1;1;1;0;0;1;1;0;1;0;0;0;0;0;0;0;0;0;1;0;0;programmer;0;0;0;0;0;0;0;0;0;0;0
User 443;Department 49;Position 151;0;0;0;0;1;0;0;0;0;1;1;1;0;0;0;0;0;0;0;0;0;0;0;0;user;0;0;0;0;0;0;0;0;0;0;0
User 444;Department 47;Position 248;0;0;0;0;1;0;0;0;0;1;1;1;0;0;0;0;0;0;0;0;0;0;0;0;user;0;0;0;0;0;0;0;0;0;0;0
User 445;Department 32;Position 208;0;0;0;1;1;1;0;0;0;1;1;1;0;0;0;0;0;0;0;0;0;1;0;1;programmer;3;0;0;1;0;0;0;0;0;0;0
User 446;Department 48;Position 130;1;0;0;0;1;0;0;0;0;1;1;1;0;0;0;0;0;0;0;0;0;0;0;0;programmer;0;0;0;0;0;0;0;0;0;0;0
User 447;Department 21;Position 144;0;0;0;0;1;0;0;0;1;1;0;1;0;0;0;1;1;0;0;0;0;0;0;0;user;0;0;0;0;0;0;0;0;0;0;0
User 448;Department 22;Position 128;0;0;0;0;1;1;0;0;1;1;1;1;0;0;0;1;0;0;0;0;0;0;0;0;user;0;0;0;0;0;0;0;0;0;0;0
User 449;Department 3;Position 235;0;0;0;0;1;1;0;0;0;1;0;0;0;1;1;1;1;0;1;0;0;0;0;0;user;0;0;0;0;0;0;0;0;0;0;0
User 450;Department 40;Position 126;0;0;0;0;1;1;0;0;0;1;0;1;0;0;0;0;0;0;0;0;0;0;0;0;user;0;0;0;0;0;0;0;0;0;0;0
User 451;Department 28;Position 90;0;0;0;0;1;1;0;0;1;1;0;1;1;1;0;0;1;0;0;0;0;0;0;0;user;0;0;0;0;0;0;0;0;0;0;0
User 452;Department 12;Position 13;1;0;1;1;1;0;0;0;1;1;0;1;0;0;0;0;0;0;0;0;0;0;0;0;programmer;0;0;0;0;0;0;0;0;0;0;0
User 453;Department 50;Position 94;0;0;0;0;1;0;0;0;0;1;1;1;0;0;0;0;0;0;0;0;0;0;0;0;user;0;0;0;0;0;0;0;0;0;0;0
User 454;Department 12;Position 215;1;1;0;1;1;0;1;0;1;1;0;1;0;0;0;0;0;1;0;0;1;0;0;0;admin;0;0;0;0;0;0;0;0;0;0;0
User 455;Department 48;Position 102;1;0;0;0;0;1;0;0;0;1;1;1;0;0;0;0;0;0;0;0;0;0;0;0;programmer;0;0;0;0;0;0;0;0;0;0;0
User 456;Department 3;Position 175;0;0;0;0;0;1;0;0;1;1;0;0;0;1;1;1;1;0;1;0;0;0;0;0;user;0;0;0;0;0;0;0;0;0;0;0
User 457;Department 40;Position 124;0;0;0;0;1;0;0;0;0;1;0;1;0;0;0;0;0;0;0;0;0;0;0;0;user;0;0;0;0;0;0;0;0;0;0;0
User 458;Department 43;Position 15;0;0;0;0;1;0;0;0;0;1;1;1;0;0;0;0;0;0;0;0;0;1;0;0;user;28;0;1;1;0;0;0;0;0;0;0
User 459;Department 11;Position 3;1;0;0;1;1;0;1;0;1;1;0;0;0;0;0;1;1;0;0;0;0;1;0;0;programmer;1;0;0;0;0;0;0;1;0;0;0
User 460;Department 39;Position 228;0;0;0;0;1;1;0;0;0;1;1;1;0;0;0;0;1;0;0;0;0;0;0;0;user;0;0;0;0;0;0;0;0;0;0;0
User 461;Department 19;Position 39;0;0;0;0;1;1;0;0;1;1;1;1;0;0;0;0;1;0;0;0;0;0;0;0;user;0;0;0;0;0;0;0;0;0;0;0
User 462;Department 47;Position 167;0;0;0;0;0;1;0;0;0;1;1;1;0;0;0;0;0;0;0;0;0;0;0;0;user;0;0;0;0;0;0;0;0;0;0;0
User 463;Department 31;Position 9;0;0;0;0;1;0;0;0;0;1;1;1;0;0;0;0;0;0;0;0;0;0;0;0;user;6;0;1;1;0;1;0;0;0;0;0
User 464;Department 31;Position 9;0;0;0;1;1;0;0;0;1;1;1;1;0;0;0;0;0;0;0;0;0;0;0;0;user;6;0;1;1;0;1;0;0;0;0;0
User 465;Department 48;Position 123;1;0;0;0;0;0;0;0;0;1;1;1;0;0;0;0;0;0;0;0;0;0;0;0;user;0;0;0;0;0;0;0;0;0;0;0
User 466;Department 40;Position 126;0;0;0;0;1;1;0;0;0;1;0;1;0;0;0;0;0;0;0;0;0;0;0;0;user;0;0;0;0;0;0;0;0;0;0;0
User 467;Department 13;Position 85;0;0;0;0;1;1;0;0;0;1;1;1;0;0;0;1;0;0;0;0;0;0;0;1;user;0;0;0;0;0;0;0;0;0;0;0
User 468;Department 46;Position 113;0;0;0;0;1;1;0;0;1;1;1;1;0;0;0;0;1;0;0;0;0;0;0;0;user;0;0;0;0;0;0;0;0;0;0;0
User 469;Department 50;Position 167;0;0;0;0;1;0;0;0;0;1;1;1;0;0;0;0;0;0;0;0;0;0;0;0;user;0;0;0;0;0;0;0;0;0;0;0
User 470;Department 20;Position 78;0;0;0;0;1;1;0;0;0;1;1;1;1;0;0;1;1;0;0;0;0;0;0;0;user;0;0;0;0;0;0;0;0;0;0;0
User 471;Department 31;Position 9;0;0;0;1;1;1;0;0;0;1;1;1;0;0;0;0;0;0;0;0;0;1;0;0;programmer;4;0;1;0;0;0;0;0;0;1;0
User 472;Department 31;Position 9;0;0;0;1;1;1;0;0;1;1;1;1;0;0;0;0;0;0;0;0;0;0;0;0;programmer;4;0;1;0;0;0;0;0;0;1;0
User 473;Department 21;Position 5;0;0;0;0;1;0;0;0;1;1;0;1;0;0;0;1;1;0;0;0;0;0;0;0;user;0;0;0;0;0;0;0;0;0;0;0
User 474;Department 15;Position 107;0;0;0;1;1;1;0;0;1;1;1;1;0;0;0;1;0;0;0;0;0;0;0;0;user;0;0;0;0;0;0;0;0;0;0;0
User 475;Department 7;Position 28;0;0;0;0;1;1;0;0;1;1;1;1;0;0;0;0;0;0;0;0;0;0;1;0;user;0;0;0;0;0;0;0;0;0;0;0
User 476;Department 46;Position 111;0;0;0;0;1;0;0;0;1;1;1;1;0;0;0;0;1;0;0;0;0;0;0;0;user;0;0;0;0;0;0;0;0;0;0;0
User 477;Department 46;Position 111;0;0;0;0;1;0;0;0;1;1;1;1;0;0;0;0;1;0;0;0;0;0;0;0;user;3;1;0;0;0;0;0;0;0;0;0
User 478;Department 22;Position 80;0;0;0;0;1;1;0;0;1;1;1;1;1;0;0;0;1;0;0;0;0;0;0;1;user;0;0;0;0;0;0;0;0;0;0;0
User 479;Department 40;Position 124;0;0;0;0;0;0;0;0;0;1;0;1;0;0;0;0;0;0;0;0;0;0;0;0;user;0;0;0;0;0;0;0;0;0;0;0
User 480;Department 37;Position 121;0;0;0;0;1;1;0;0;1;1;1;1;0;0;0;0;0;0;0;0;0;0;0;0;user;0;0;0;0;0;0;0;0;0;0;0
User 481;Department 22;Position 86;0;0;0;0;1;1;0;0;1;1;1;1;0;0;0;1;0;0;0;0;0;0;0;0;user;0;0;0;0;0;0;0;0;0;0;0
User 482;Department 14;Position 226;0;0;0;0;1;0;0;0;1;0;0;0;0;0;0;0;0;0;1;0;0;0;0;0;user;0;0;0;0;0;0;0;0;0;0;0
User 483;Department 30;Position 13;0;0;0;1;1;1;0;0;1;1;1;1;0;0;0;0;0;0;0;0;0;0;0;0;programmer;8;0;0;0;0;0;0;0;0;0;0
User 484;Department 35;Position 9;0;0;0;0;1;1;0;0;0;1;1;1;0;0;0;0;0;0;0;0;0;0;0;0;user;4;0;0;0;1;0;0;0;0;0;0
User 485;Department 5;Position 197;0;0;0;0;1;1;0;0;1;1;0;0;0;0;1;0;1;0;0;0;0;0;0;0;user;0;0;0;0;0;0;0;0;0;0;0
User 486;Department 23;Position 143;0;0;0;0;1;1;0;0;1;1;0;1;1;1;1;1;1;0;0;0;0;0;0;0;user;0;0;0;0;0;0;0;0;0;0;0
User 487;Department 22;Position 123;0;0;0;0;0;1;0;0;1;1;1;1;0;0;0;1;0;0;0;0;0;0;0;0;user;0;0;0;0;0;0;0;0;0;0;0
User 488;Department 30;Position 13;0;0;0;1;1;1;0;0;1;1;1;1;0;0;0;0;0;0;0;0;0;0;0;0;programmer;8;0;0;0;0;0;0;0;0;0;0
User 489;Department 21;Position 173;0;0;0;0;1;0;0;0;1;1;0;1;0;0;0;1;1;0;0;0;0;0;0;0;user;0;0;0;0;0;0;0;0;0;0;0
User 490;Department 31;Position 104;0;0;0;1;1;1;0;0;1;1;1;1;0;0;0;0;0;0;0;0;0;0;0;0;user;5;0;0;0;1;0;0;1;0;0;1
User 491;Department 31;Position 104;0;0;0;1;1;1;0;0;0;1;1;1;0;0;0;0;0;0;0;0;0;0;0;0;user;4;0;0;0;1;0;0;0;0;0;1
User 492;Department 36;Position 204;0;0;0;0;1;1;1;0;1;1;0;1;1;0;0;0;1;1;0;0;0;0;0;1;user;2;0;0;0;0;0;0;1;0;0;0
User 493;Department 22;Position 9;0;0;0;1;1;0;0;0;1;1;1;1;0;0;0;1;0;0;0;0;0;0;0;0;user;0;0;0;0;0;0;0;0;0;0;0
User 494;Department 24;Position 208;0;0;0;0;1;0;0;0;1;1;1;1;0;0;0;0;0;0;0;0;0;0;0;1;user;0;0;0;0;0;0;0;0;0;0;0
User 495;Department 47;Position 248;0;0;0;0;1;0;0;0;0;1;1;1;0;0;0;0;0;0;0;0;0;0;0;0;user;0;0;0;0;0;0;0;0;0;0;0
User 496;Department 48;Position 102;1;0;0;0;1;0;0;0;0;1;1;1;0;0;0;0;0;0;0;0;0;0;0;0;programmer;0;0;0;0;0;0;0;0;0;0;0
User 497;Department 26;Position 25;0;0;0;0;1;1;0;0;1;1;0;1;1;1;1;1;1;0;0;0;0;0;1;0;user;0;0;0;0;0;0;0;0;0;0;0
User 498;Department 32;Position 110;0;0;0;1;1;0;0;0;0;1;1;1;0;0;0;0;0;0;0;0;0;0;0;0;programmer;28;0;1;1;0;0;0;0;0;0;0
User 499;Department 32;Position 9;0;0;1;1;1;1;0;0;0;1;1;1;0;0;0;0;0;0;0;0;0;1;0;0;programmer;28;0;1;1;0;0;0;0;0;0;0
User 500;Department 48;Position 147;1;0;0;0;1;1;0;0;0;1;1;1;0;0;0;0;0;0;0;0;0;0;0;0;programmer;0;0;0;0;0;0;0;0;0;0;0
User 501;Department 26;Position 37;0;0;0;0;1;1;0;0;1;1;0;1;1;1;1;1;1;0;0;0;0;0;1;0;user;0;0;0;0;0;0;0;0;0;0;0
User 502;Department 49;Position 167;0;0;0;0;1;0;0;0;0;1;1;1;0;0;0;0;0;0;0;0;0;0;0;0;user;0;0;0;0;0;0;0;0;0;0;0
User 503;Department 30;Position 85;0;0;0;0;1;0;0;0;1;1;1;1;0;0;0;0;0;0;0;0;0;0;0;0;user;3;1;0;0;1;0;0;0;0;0;0
User 504;Department 12;Position 190;1;1;0;1;1;1;1;0;1;1;0;1;0;0;0;0;0;1;0;0;1;0;0;0;admin;0;0;0;0;0;0;0;0;0;0;0
User 505;Department 5;Position 96;0;0;0;0;1;1;0;0;1;1;0;0;0;0;1;0;1;0;0;0;0;0;0;0;user;0;0;0;0;0;0;0;0;0;0;0
User 506;Department 23;Position 81;0;0;0;0;1;1;0;0;1;1;0;1;1;1;1;1;1;0;0;0;0;0;0;0;user;0;0;0;0;0;0;0;0;0;0;0
User 507;Department 24;Position 2;0;0;0;0;1;1;0;0;1;1;0;1;0;0;0;1;1;0;0;0;0;0;0;0;user;0;0;0;0;0;0;0;0;0;0;0
User 508;Department 35;Position 1;1;0;1;1;1;0;0;0;1;1;1;1;0;0;0;0;0;0;0;0;0;0;0;0;programmer;0;0;0;0;0;0;0;0;0;0;0
User 509;Department 19;Position 18;0;0;0;0;1;1;0;0;1;1;1;1;0;0;0;0;1;0;0;0;0;0;0;0;user;0;0;0;0;0;0;0;0;0;0;0
User 510;Department 30;Position 9;0;0;0;0;1;1;0;0;1;1;1;1;0;0;0;0;0;0;0;0;0;0;0;0;user;8;0;0;0;0;0;0;0;0;0;0
User 511;Department 46;Position 153;0;0;0;0;1;1;0;0;1;1;1;1;0;0;0;0;1;0;0;0;0;0;0;0;user;0;0;0;0;0;0;0;0;0;0;0
User 512;Department 32;Position 85;0;0;0;1;1;0;0;0;0;1;1;1;0;0;0;0;0;0;0;0;0;0;0;0;programmer;28;0;1;1;0;0;0;0;0;0;0
User 513;Department 41;Position 22;0;0;0;0;1;1;0;0;1;1;0;1;0;0;0;0;0;0;0;0;0;0;1;0;user;0;0;0;0;0;0;0;0;0;0;0
User 514;Department 45;Position 116;0;0;0;0;1;0;0;0;0;1;1;1;0;0;0;0;0;0;0;0;0;0;0;0;user;4;0;0;1;0;0;0;0;1;1;0
User 515;Department 28;Position 178;0;0;0;0;1;0;0;0;1;1;0;1;1;1;0;0;1;0;0;0;0;0;0;0;user;0;0;0;0;0;0;0;0;0;0;0
User 516;Department 5;Position 31;0;0;0;0;1;0;0;0;1;1;0;0;0;0;1;0;1;0;0;0;0;0;0;0;user;0;0;0;0;0;0;0;0;0;0;0
User 517;Department 35;Position 9;1;0;0;0;1;1;0;0;1;1;1;1;0;0;0;0;0;0;0;0;0;0;0;0;user;3;0;0;1;0;0;0;0;0;0;0
User 518;Department 27;Position 117;0;0;0;0;1;0;0;0;1;1;0;1;1;1;1;1;1;0;0;0;0;0;0;0;user;0;0;0;0;0;0;0;0;0;0;0
User 519;Department 30;Position 243;0;0;0;0;1;0;0;0;1;1;1;1;0;0;0;0;0;0;0;0;0;0;0;0;user;3;1;0;0;1;0;0;0;0;0;0
User 520;Department 16;Position 23;0;0;0;0;1;1;0;1;1;1;0;0;1;0;0;0;0;0;1;0;1;0;1;1;user;0;0;0;0;0;0;0;0;0;0;0
User 521;Department 30;Position 208;0;0;0;1;1;1;0;0;1;1;1;1;0;0;0;0;0;0;0;0;0;0;0;1;user;8;0;0;0;0;0;0;0;0;0;0
User 522;Department 12;Position 19;1;0;0;1;1;0;0;0;1;1;0;1;0;1;0;0;1;0;0;0;0;0;0;0;programmer;0;0;0;0;0;0;0;0;0;0;0
User 523;Department 24;Position 51;0;0;0;0;1;1;0;0;1;1;0;1;1;0;1;1;1;0;0;0;0;0;0;0;user;0;0;0;0;0;0;0;0;0;0;0
User 524;Department 4;Position 224;0;0;0;0;1;0;1;1;1;1;0;1;1;0;1;0;1;0;0;0;1;0;0;1;user;0;0;0;0;0;0;0;0;0;0;0
User 525;Department 4;Position 30;0;0;0;0;1;1;1;1;1;1;0;1;1;1;1;0;1;0;0;1;1;0;0;1;user;0;0;0;0;0;0;0;0;0;0;0
User 526;Department 48;Position 160;1;0;0;0;1;0;0;0;0;1;1;1;0;0;0;0;0;0;0;0;0;0;0;0;programmer;0;0;0;0;0;0;0;0;0;0;0
User 527;Department 20;Position 177;0;0;0;0;1;0;0;0;1;1;1;1;0;0;0;1;1;0;0;0;0;0;0;0;user;0;0;0;0;0;0;0;0;0;0;0
User 528;Department 47;Position 167;0;0;0;0;1;0;0;0;0;1;1;1;0;0;0;0;0;0;0;0;0;0;0;0;user;0;0;0;0;0;0;0;0;0;0;0
User 529;Department 48;Position 222;1;0;0;0;1;1;0;0;0;1;1;1;0;0;0;0;0;0;0;0;0;0;0;0;programmer;0;0;0;0;0;0;0;0;0;0;0
User 530;Department 38;Position 205;0;0;0;0;1;1;0;0;0;0;0;0;0;0;0;0;0;0;1;1;0;0;0;0;user;0;0;0;0;0;0;0;0;0;0;0
User 531;Department 13;Position 16;0;0;0;0;1;1;0;0;1;1;1;1;0;0;0;1;0;0;0;0;0;0;0;1;user;0;0;0;0;0;0;0;0;0;0;0
User 532;Department 19;Position 122;0;0;0;0;1;1;0;0;1;1;1;1;0;0;0;0;1;0;0;0;0;0;0;0;user;0;0;0;0;0;0;0;0;0;0;0
User 533;Department 47;Position 167;0;0;0;0;1;0;0;0;0;1;1;1;0;0;0;0;0;0;0;0;0;0;0;0;user;0;0;0;0;0;0;0;0;0;0;0
User 534;Department 13;Position 91;0;0;0;0;1;0;0;0;0;1;1;1;0;0;0;1;0;0;0;0;0;0;0;1;user;0;0;0;0;0;0;0;0;0;0;0
User 535;Department 4;Position 34;0;0;0;0;1;0;0;0;1;1;0;0;1;0;1;0;1;0;0;0;0;0;0;1;user;0;0;0;0;0;0;0;0;0;0;0
User 536;Department 40;Position 127;0;0;0;0;1;1;0;0;0;1;0;1;0;0;0;0;0;0;0;0;0;0;0;0;user;0;0;0;0;0;0;0;0;0;0;0
User 537;Department 41;Position 232;0;0;0;0;1;0;0;0;1;1;0;1;0;0;0;0;0;0;0;0;0;0;0;0;user;0;0;0;0;0;0;0;0;0;0;0
User 538;Department 1;Position 98;0;0;0;0;1;0;0;0;1;1;0;0;1;0;0;0;1;0;0;0;0;0;0;1;user;0;0;0;0;0;0;0;0;0;0;0
User 539;Department 35;Position 208;0;0;0;0;1;1;0;0;0;1;1;1;0;0;0;0;0;0;0;0;0;0;0;1;user;3;0;0;1;0;0;0;0;0;0;0
User 540;Department 35;Position 208;0;0;0;0;1;1;0;0;1;1;1;1;0;0;0;0;0;0;0;0;0;0;0;1;user;3;1;0;0;1;0;0;0;0;0;0
User 541;Department 24;Position 208;0;0;0;0;1;1;0;0;1;1;1;1;0;0;0;0;0;0;0;0;0;0;0;1;user;0;0;0;0;0;0;0;0;0;0;0
User 542;Department 11;Position 3;1;0;0;1;1;0;1;0;1;1;0;0;0;0;0;1;1;0;0;0;0;1;0;0;user;1;0;0;0;0;0;0;1;0;0;0
User 543;Department 19;Position 93;0;0;0;0;1;0;0;0;1;1;1;1;0;0;0;0;1;0;0;0;0;0;0;0;user;0;0;0;0;0;0;0;0;0;0;0
User 544;Department 50;Position 101;0;0;0;0;1;0;0;0;0;1;1;1;0;0;0;0;0;0;0;0;0;0;0;0;user;0;0;0;0;0;0;0;0;0;0;0
User 545;Department 46;Position 111;0;0;0;0;1;1;0;0;1;1;1;1;0;0;0;0;1;0;0;0;0;0;0;0;user;0;0;0;0;0;0;0;0;0;0;0
User 546;Department 30;Position 13;0;0;0;1;1;1;0;0;1;1;1;1;0;0;0;0;0;0;0;0;0;0;0;0;programmer;8;0;0;0;0;0;0;0;0;0;0
User 547;Department 19;Position 37;0;0;0;0;1;1;0;0;1;1;1;1;0;0;0;0;1;0;0;0;0;0;0;0;user;0;0;0;0;0;0;0;0;0;0;0
User 548;Department 30;Position 201;0;0;0;0;1;1;0;0;1;1;1;1;0;0;0;0;0;0;0;0;0;0;0;0;user;8;0;0;0;0;0;0;0;0;0;0
User 549;Department 14;Position 70;0;0;1;0;1;1;0;0;1;1;0;1;1;0;0;0;1;1;0;1;0;0;0;0;user;0;0;0;0;0;0;0;0;0;0;0
User 550;Department 22;Position 87;0;0;0;0;1;0;0;0;1;1;1;1;0;0;0;1;0;0;0;0;0;0;0;0;user;0;0;0;0;0;0;0;0;0;0;0
User 551;Department 23;Position 81;0;0;0;0;1;1;0;0;1;1;0;1;1;1;1;1;1;0;0;0;0;0;0;0;user;1;0;0;1;0;0;0;0;0;0;0
User 552;Department 45;Position 115;0;0;0;0;1;0;0;0;0;1;1;1;0;0;0;0;0;0;0;0;0;0;0;0;user;4;0;0;1;0;0;0;0;1;1;0
User 553;Department 53;Position 255;0;0;0;0;1;0;0;0;1;1;0;1;0;0;0;0;0;0;0;0;0;0;0;0;user;0;0;0;0;0;0;0;0;0;0;0
User 554;Department 46;Position 24;0;0;0;0;1;1;0;0;1;1;1;1;0;0;0;0;1;0;0;0;0;0;0;0;user;0;0;0;0;0;0;0;0;0;0;0
User 555;Department 4;Position 179;0;0;0;0;1;1;0;1;1;1;0;1;1;0;1;1;1;0;0;0;0;0;1;1;user;0;0;0;0;0;0;0;0;0;0;0
User 556;Department 33;Position 9;0;0;0;0;1;1;0;0;1;1;1;1;0;0;0;0;0;0;0;0;0;0;0;0;user;0;0;0;0;0;0;0;0;0;0;0
User 557;Department 5;Position 97;0;0;0;0;1;0;0;0;1;1;0;0;0;0;1;0;1;0;0;0;0;0;0;0;user;0;0;0;0;0;0;0;0;0;0;0
User 558;Department 50;Position 188;0;0;0;0;1;1;0;0;0;1;1;1;0;0;0;0;0;0;0;0;0;1;0;0;user;0;0;0;0;0;0;0;0;0;0;0
User 559;Department 12;Position 13;1;0;1;1;1;0;0;0;1;1;1;1;0;0;0;0;0;1;0;0;0;0;0;0;programmer;0;0;0;0;0;0;0;0;0;0;0
User 560;Department 43;Position 105;0;0;0;0;1;1;0;1;0;1;1;1;0;0;0;0;0;0;0;0;0;1;0;0;user;28;0;1;1;0;0;0;0;0;0;0
User 561;Department 4;Position 62;0;0;0;0;1;0;0;1;1;1;0;1;1;0;1;1;1;0;0;0;0;0;1;1;user;0;0;0;0;0;0;0;0;0;0;0
User 562;Department 33;Position 186;1;0;0;1;1;0;0;0;1;1;1;1;0;0;0;0;0;0;0;0;0;0;0;0;programmer;0;0;0;0;0;0;0;0;0;0;0
User 563;Department 22;Position 86;0;0;0;0;1;0;0;0;1;1;1;1;0;0;0;1;0;0;0;0;0;0;0;0;user;0;0;0;0;0;0;0;0;0;0;0
User 564;Department 24;Position 206;0;0;0;0;1;0;0;0;1;1;0;1;0;0;0;1;1;0;0;0;0;0;0;0;user;0;0;0;0;0;0;0;0;0;0;0
User 565;Department 4;Position 207;0;0;0;0;1;0;0;0;1;1;0;0;1;0;1;0;1;0;0;0;0;0;0;1;user;0;0;0;0;0;0;0;0;0;0;0
User 566;Department 22;Position 87;0;0;0;0;1;0;0;0;1;1;1;1;0;0;0;1;0;0;0;0;0;0;0;0;user;0;0;0;0;0;0;0;0;0;0;0
User 567;Department 22;Position 86;0;0;0;1;0;1;0;0;1;1;1;1;0;0;0;1;0;0;0;0;0;0;0;0;user;0;0;0;0;0;0;0;0;0;0;0
User 568;Department 43;Position 193;0;0;0;0;1;1;0;0;0;1;1;1;0;0;0;0;0;0;0;0;0;1;0;0;user;28;0;1;1;0;0;0;0;0;0;0
User 569;Department 33;Position 13;0;0;0;1;1;0;0;0;1;1;1;1;0;0;0;0;0;0;0;0;0;0;0;0;programmer;0;0;0;0;0;0;0;0;0;0;0
User 570;Department 23;Position 53;0;0;0;0;1;1;0;0;1;1;0;1;1;1;1;1;1;0;0;0;0;0;0;0;user;0;0;0;0;0;0;0;0;0;0;0
User 571;Department 19;Position 14;0;0;0;0;1;1;0;0;1;1;1;1;0;0;0;0;1;0;0;0;0;0;0;0;user;0;0;0;0;0;0;0;0;0;0;0
User 572;Department 48;Position 147;1;0;0;0;0;1;0;0;0;1;1;1;0;0;0;0;0;0;0;0;0;0;0;0;programmer;0;0;0;0;0;0;0;0;0;0;0
User 573;Department 8;Position 197;0;0;0;1;1;1;0;1;0;1;1;1;0;0;0;0;0;0;0;0;0;1;0;0;programmer;28;0;1;1;0;0;0;0;0;0;0
User 574;Department 45;Position 65;0;0;0;0;1;1;0;0;0;1;1;1;0;0;0;0;0;0;0;0;0;0;0;0;user;4;0;0;1;0;0;0;0;1;1;0
User 575;Department 28;Position 89;0;0;0;0;1;1;0;0;1;1;0;1;1;1;0;0;1;0;0;0;0;0;0;0;user;0;0;0;0;0;0;0;0;0;0;0
User 576;Department 12;Position 17;1;1;0;1;1;0;1;0;0;1;0;1;0;0;0;0;0;1;0;0;0;0;0;0;programmer;0;0;0;0;0;0;0;0;0;0;0
User 577;Department 48;Position 253;1;0;0;0;1;0;0;0;0;1;1;1;0;0;0;0;0;0;0;0;0;0;0;0;programmer;0;0;0;0;0;0;0;0;0;0;0
User 578;Department 32;Position 237;0;0;0;1;1;0;0;0;0;1;1;1;0;0;0;0;0;0;0;0;0;1;0;0;programmer;28;0;1;1;0;0;0;0;0;0;0
User 579;Department 48;Position 147;1;0;0;0;0;1;0;0;0;1;1;1;0;0;0;0;0;0;0;0;0;0;0;0;programmer;0;0;0;0;0;0;0;0;0;0;0
User 580;Department 48;Position 147;1;0;0;0;1;1;0;0;0;1;1;1;0;0;0;0;0;0;0;0;0;0;0;0;user;0;0;0;0;0;0;0;0;0;0;0
User 581;Department 21;Position 208;0;0;0;0;0;1;0;0;0;1;0;1;0;0;0;1;1;0;0;0;0;0;0;1;user;2;0;0;0;0;0;0;0;0;0;0
User 582;Department 24;Position 208;0;0;0;0;1;1;0;0;1;1;0;1;0;0;0;1;1;0;0;0;0;0;0;1;user;0;0;0;0;0;0;0;0;0;0;0
User 583;Department 31;Position 237;0;0;0;1;1;1;0;0;1;1;1;1;0;0;0;0;0;0;0;0;0;0;0;0;user;2;0;0;0;1;0;0;0;0;0;0
User 584;Department 31;Position 237;0;0;0;1;1;1;0;0;1;1;1;1;0;0;0;0;0;0;0;0;0;1;0;0;programmer;2;0;0;0;1;0;0;0;0;0;0
User 585;Department 31;Position 237;0;0;0;1;1;1;0;0;0;1;1;1;0;0;0;0;0;0;0;0;0;1;0;0;programmer;2;0;0;0;1;0;0;0;0;0;0
User 586;Department 35;Position 238;0;0;0;0;1;0;0;0;0;1;1;1;0;0;0;0;0;0;0;0;0;0;0;0;user;2;0;0;0;1;0;0;0;0;0;0
User 587;Department 46;Position 111;0;0;0;0;1;1;0;0;1;1;1;1;0;0;0;0;1;0;0;0;0;0;0;0;user;0;0;0;0;0;0;0;0;0;0;0
User 588;Department 4;Position 224;0;0;0;0;1;0;0;0;1;1;0;0;1;0;1;0;1;0;0;0;0;0;0;1;user;0;0;0;0;0;0;0;0;0;0;0
User 589;Department 22;Position 246;0;0;0;0;1;0;0;0;1;1;1;1;0;0;0;1;0;0;0;0;0;0;0;0;user;0;0;0;0;0;0;0;0;0;0;0
User 590;Department 1;Position 64;0;0;0;0;1;1;0;0;0;1;0;0;1;0;0;0;1;0;0;0;0;0;0;1;user;0;0;0;0;0;0;0;0;0;0;0
User 591;Department 24;Position 2;0;0;0;0;1;1;0;0;1;1;1;1;0;0;0;0;0;0;0;0;0;0;0;1;user;0;0;0;0;0;0;0;0;0;0;0
User 592;Department 4;Position 68;0;0;0;0;1;1;0;1;1;1;0;0;1;1;1;1;1;0;0;0;0;0;0;1;user;0;0;0;0;0;0;0;0;0;0;0
User 593;Department 32;Position 12;0;0;0;1;1;1;0;0;0;1;1;1;0;0;0;0;0;0;0;0;0;0;0;0;programmer;28;0;1;1;0;0;0;0;0;0;0
User 594;Department 30;Position 13;0;0;0;1;1;1;0;0;1;1;1;1;0;0;0;0;0;0;0;0;0;0;0;0;programmer;8;0;0;0;0;0;0;0;0;0;0
User 595;Department 45;Position 15;0;0;0;0;1;0;0;0;0;1;1;1;0;0;0;0;0;0;0;0;0;0;0;0;user;4;0;0;1;0;0;0;0;1;1;0
User 596;Department 35;Position 9;0;0;0;0;1;0;0;0;0;1;1;1;0;0;0;0;0;0;0;0;0;0;0;0;user;3;0;0;0;0;0;0;0;0;0;0
User 597;Department 47;Position 167;0;0;0;0;1;1;0;0;0;1;1;1;0;0;0;0;0;0;0;0;0;0;0;0;user;0;0;0;0;0;0;0;0;0;0;0
User 598;Department 45;Position 211;0;0;0;0;1;1;0;0;0;1;1;1;0;0;0;0;0;0;0;0;0;0;0;0;user;4;0;0;1;0;0;0;0;1;1;0
User 599;Department 13;Position 73;0;0;0;0;1;1;0;0;0;1;1;1;1;0;0;0;1;0;0;0;0;0;0;1;user;0;0;0;0;0;0;0;0;0;0;0
User 600;Department 1;Position 98;0;0;0;0;0;0;0;0;0;1;0;0;1;0;0;0;1;0;0;0;0;0;0;1;user;0;0;0;0;0;0;0;0;0;0;0
User 601;Department 47;Position 187;0;0;0;0;1;1;0;0;0;1;1;1;0;0;0;0;0;0;0;0;0;0;0;0;user;0;0;0;0;0;0;0;0;0;0;0
User 602;Department 18;Position 140;0;0;0;0;1;0;0;0;1;1;0;0;0;1;1;1;1;0;0;0;0;0;0;1;user;1;0;0;0;0;0;1;0;0;0;0
User 603;Department 48;Position 221;1;0;0;0;1;1;0;0;0;1;1;1;0;0;0;0;0;0;0;0;0;0;0;0;programmer;0;0;0;0;0;0;0;0;0;0;0
User 604;Department 48;Position 129;1;0;0;0;1;0;0;0;0;1;1;1;0;0;0;0;0;0;0;0;0;0;0;0;programmer;0;0;0;0;0;0;0;0;0;0;0
User 605;Department 20;Position 78;0;0;0;1;1;1;0;0;1;1;1;1;1;0;0;1;1;0;0;0;0;0;0;0;user;0;0;0;0;0;0;0;0;0;0;0
User 606;Department 47;Position 167;0;0;0;0;1;0;0;0;0;1;1;1;0;0;0;0;0;0;0;0;0;0;0;0;user;0;0;0;0;0;0;0;0;0;0;0
User 607;Department 47;Position 167;0;0;0;0;1;0;0;0;0;1;1;1;0;0;0;0;0;0;0;0;0;0;0;0;user;0;0;0;0;0;0;0;0;0;0;0
User 608;Department 32;Position 12;0;0;0;1;1;1;0;0;0;1;1;1;0;0;0;0;0;0;0;0;0;0;0;0;programmer;29;0;1;1;0;0;0;0;0;0;0
User 609;Department 1;Position 98;0;0;0;0;1;0;0;0;1;1;0;0;1;0;0;0;1;0;0;0;0;0;0;1;user;0;0;0;0;0;0;0;0;0;0;0
User 610;Department 3;Position 69;0;0;0;0;1;1;0;0;1;1;0;0;1;1;1;1;1;0;1;0;0;0;0;0;user;0;0;0;0;0;0;0;0;0;0;0
User 611;Department 33;Position 85;0;0;0;0;1;0;0;0;1;1;1;1;0;0;0;0;0;0;0;0;0;0;0;0;user;0;0;0;0;0;0;0;0;0;0;0
User 612;Department 23;Position 181;0;0;0;0;1;1;0;0;1;1;0;1;1;1;1;1;1;0;0;0;0;0;0;0;user;0;0;0;0;0;0;0;0;0;0;0
User 613;Department 3;Position 235;0;0;0;0;1;1;0;0;1;1;0;0;0;1;1;1;1;0;1;0;0;0;0;0;user;0;0;0;0;0;0;0;0;0;0;0
User 614;Department 46;Position 111;0;0;0;0;1;1;0;0;0;1;1;1;0;0;0;0;1;0;0;0;0;0;1;0;user;5;0;1;0;0;0;0;0;0;0;0
User 615;Department 46;Position 111;0;0;0;0;1;1;0;0;1;1;1;1;0;0;0;0;1;0;0;0;0;0;1;0;user;0;0;0;0;0;0;0;0;0;0;0
User 616;Department 50;Position 159;0;0;0;0;1;0;0;0;0;1;1;1;0;0;0;0;0;0;0;0;0;0;0;0;user;0;0;0;0;0;0;0;0;0;0;0
User 617;Department 31;Position 12;0;0;0;1;1;1;0;0;1;1;1;1;0;0;0;0;0;0;0;0;0;0;0;0;user;6;0;1;0;0;1;0;0;0;1;0
User 618;Department 31;Position 12;0;0;0;1;1;1;0;0;0;1;1;1;0;0;0;0;0;0;0;0;0;0;0;0;user;6;0;1;0;0;1;0;0;0;1;0
User 619;Department 49;Position 168;0;0;0;0;1;0;0;0;0;1;1;1;0;0;0;0;0;0;0;0;0;0;0;0;user;0;0;0;0;0;0;0;0;0;0;0
User 620;Department 47;Position 168;0;0;0;0;1;1;0;0;0;1;1;1;0;0;0;0;0;0;0;0;0;0;0;0;user;0;0;0;0;0;0;0;0;0;0;0
User 621;Department 35;Position 12;0;0;0;0;1;0;0;0;0;1;1;1;0;0;0;0;0;0;0;0;0;0;0;0;user;2;0;0;0;0;0;0;0;0;0;0
User 622;Department 26;Position 54;0;0;0;0;1;1;0;1;1;1;0;1;1;1;1;1;1;0;0;0;0;0;1;0;user;0;0;0;0;0;0;0;0;0;0;0
User 623;Department 16;Position 49;0;0;0;0;1;1;0;0;1;1;0;0;1;0;0;0;0;0;1;0;0;0;1;1;user;0;0;0;0;0;0;0;0;0;0;0
User 624;Department 19;Position 37;0;0;0;0;1;1;0;0;1;1;1;1;0;0;0;0;1;0;0;0;0;0;0;0;user;0;0;0;0;0;0;0;0;0;0;0
User 625;Department 46;Position 37;0;0;0;0;1;0;0;0;1;1;1;1;0;0;0;0;1;0;0;0;0;0;0;0;user;0;0;0;0;0;0;0;0;0;0;0
User 626;Department 15;Position 233;0;0;0;0;1;0;0;0;1;1;1;1;0;0;0;1;0;0;0;0;0;0;0;0;user;0;0;0;0;0;0;0;0;0;0;0
User 627;Department 47;Position 168;0;0;0;0;1;0;0;0;0;1;1;1;0;0;0;0;0;0;0;0;0;0;0;0;user;0;0;0;0;0;0;0;0;0;0;0
User 628;Department 43;Position 115;0;0;0;0;1;0;0;1;0;1;1;1;0;0;0;0;0;0;0;0;0;1;0;0;user;28;0;1;1;0;0;0;0;0;0;0
User 629;Department 16;Position 75;0;0;0;0;1;1;0;0;1;1;0;0;1;0;0;0;0;0;1;0;0;0;1;1;user;0;0;0;0;0;0;0;0;0;0;0
User 630;Department 48;Position 222;1;0;0;0;1;1;0;0;0;1;1;1;0;0;0;0;0;0;0;0;0;0;0;0;programmer;0;0;0;0;0;0;0;0;0;0;0
User 631;Department 31;Position 208;0;0;0;0;1;1;0;0;0;1;1;1;0;0;0;0;0;0;0;0;0;0;0;1;user;9;0;1;0;0;1;0;0;0;1;1
User 632;Department 31;Position 208;0;0;0;0;1;1;0;0;0;1;1;1;0;0;0;0;0;0;0;0;0;0;0;1;user;3;0;1;0;0;0;0;0;0;1;0
User 633;Department 48;Position 148;1;0;0;0;0;1;0;0;0;1;1;1;0;0;0;0;0;0;0;0;0;0;0;0;user;0;0;0;0;0;0;0;0;0;0;0
User 634;Department 48;Position 148;1;0;0;0;0;0;0;0;0;1;1;1;0;0;0;0;0;0;0;0;0;0;0;0;programmer;0;0;0;0;0;0;0;0;0;0;0
User 635;Department 15;Position 8;0;0;0;0;1;1;0;1;1;1;1;1;0;0;0;1;0;0;0;0;0;0;0;0;user;0;0;0;0;0;0;0;0;0;0;0
User 636;Department 24;Position 2;0;0;0;0;1;1;0;0;1;1;1;1;0;0;0;0;0;0;0;0;0;0;0;1;user;0;0;0;0;0;0;0;0;0;0;0
User 637;Department 47;Position 168;0;0;0;0;1;1;0;0;0;1;1;1;0;0;0;0;0;0;0;0;0;0;0;0;user;0;0;0;0;0;0;0;0;0;0;0
User 638;Department 18;Position 77;0;0;0;0;1;1;0;0;1;1;0;0;1;1;1;1;1;0;0;0;0;0;0;1;user;3;0;0;0;0;0;1;0;0;0;0
User 639;Department 4;Position 182;0;0;0;0;1;1;0;1;1;1;1;1;1;0;0;0;0;0;0;1;0;0;0;1;user;26;1;1;1;0;0;0;0;0;0;0
User 640;Department 21;Position 2;0;0;0;0;1;0;0;0;1;1;0;1;0;0;0;1;1;0;0;0;0;0;0;0;user;0;0;0;0;0;0;0;0;0;0;0
User 641;Department 18;Position 154;0;0;0;0;1;0;0;0;1;1;0;1;0;0;1;1;1;0;0;0;0;0;0;0;user;1;0;0;0;0;0;1;0;0;0;0
User 642;Department 23;Position 143;0;0;0;0;1;0;0;0;1;1;0;1;1;1;1;1;1;0;0;0;0;0;0;0;user;0;0;0;0;0;0;0;0;0;0;0
User 643;Department 4;Position 224;0;0;0;0;1;0;0;0;1;1;0;0;1;0;1;0;1;0;0;0;0;0;0;1;user;1;0;0;0;0;0;0;0;0;0;0
User 644;Department 12;Position 245;1;1;0;1;1;0;1;0;1;1;0;1;0;0;0;0;0;1;0;0;1;0;0;0;admin;0;0;0;0;0;0;0;0;0;0;0
User 645;Department 45;Position 114;0;0;0;0;1;1;0;0;0;1;1;1;0;0;0;0;0;0;0;0;0;0;0;0;user;4;0;0;1;0;0;0;0;1;1;0
User 646;Department 45;Position 114;0;0;0;0;1;1;0;0;0;1;1;1;0;0;0;0;0;0;0;0;0;0;0;0;user;4;0;0;1;0;0;0;0;1;1;0
User 647;Department 12;Position 215;1;0;1;1;1;1;1;0;1;1;0;1;0;0;0;0;0;1;0;0;0;0;0;0;admin;0;0;0;0;0;0;0;0;0;0;0
User 648;Department 31;Position 238;0;0;0;0;1;1;0;0;0;1;1;1;0;0;0;0;0;0;0;0;0;1;0;0;user;6;0;1;0;0;1;0;0;0;1;0
User 649;Department 31;Position 238;0;0;0;1;1;1;0;0;1;1;1;1;0;0;0;0;0;0;0;0;0;0;0;0;user;6;0;1;0;0;1;0;0;0;1;0
User 650;Department 50;Position 147;0;0;0;0;1;1;0;0;0;1;1;1;0;0;0;0;0;0;0;0;0;1;0;0;user;0;0;0;0;0;0;0;0;0;0;0
User 651;Department 22;Position 86;0;0;0;0;1;0;0;0;1;1;1;1;0;0;0;1;0;0;0;0;0;0;0;0;user;0;0;0;0;0;0;0;0;0;0;0
User 652;Department 48;Position 149;1;0;0;0;0;1;0;0;0;1;1;1;0;0;0;0;0;0;0;0;0;0;0;0;programmer;0;0;0;0;0;0;0;0;0;0;0
User 653;Department 12;Position 13;1;0;1;1;1;0;0;0;1;1;1;1;0;0;0;0;0;1;0;0;0;0;0;0;programmer;0;0;0;0;0;0;0;0;0;0;0
User 654;Department 27;Position 82;0;0;0;0;1;1;0;0;1;1;0;1;1;1;1;1;1;0;0;0;0;0;0;0;user;0;0;0;0;0;0;0;0;0;0;0
User 655;Department 17;Position 29;0;0;0;0;1;0;0;0;1;1;0;0;1;1;0;0;1;0;0;1;0;0;1;0;user;0;0;0;0;0;0;0;0;0;0;0
User 656;Department 53;Position 220;0;0;0;0;1;0;0;0;1;1;0;1;0;0;0;0;0;0;0;0;0;0;0;0;user;0;0;0;0;0;0;0;0;0;0;0
User 657;Department 42;Position 184;0;0;0;0;1;1;0;0;0;1;1;1;1;1;1;1;1;0;0;0;0;0;0;0;user;1;0;0;0;0;0;0;0;0;0;0
User 658;Department 23;Position 81;0;0;0;0;1;0;0;0;1;1;0;1;1;1;1;1;1;0;0;0;0;0;0;0;user;19;0;0;0;0;0;1;0;0;0;0
User 659;Department 47;Position 169;0;0;0;0;0;0;0;0;0;1;1;1;0;0;0;0;0;0;0;0;0;0;0;0;user;0;0;0;0;0;0;0;0;0;0;0
User 660;Department 47;Position 138;0;0;0;0;0;1;0;0;0;1;1;1;0;0;0;0;0;0;0;0;0;0;0;0;user;0;0;0;0;0;0;0;0;0;0;0
User 661;Department 7;Position 254;0;0;0;0;1;0;0;0;1;1;1;1;0;0;0;0;0;0;0;0;0;0;0;0;user;0;0;0;0;0;0;0;0;0;0;0
User 662;Department 4;Position 172;0;0;0;0;1;0;0;1;1;1;1;1;1;0;0;0;0;0;0;1;0;0;0;1;user;26;1;1;1;0;0;0;0;0;0;0
User 663;Department 43;Position 86;0;0;0;0;1;1;0;1;1;1;1;1;0;0;0;0;0;0;0;0;0;0;0;0;user;28;0;1;1;0;0;0;0;0;0;0
User 664;Department 11;Position 3;1;0;0;1;1;0;1;0;1;1;0;0;0;0;0;1;1;0;0;0;0;1;1;1;programmer;1;0;0;0;0;0;0;1;0;0;0
User 665;Department 31;Position 104;0;0;0;1;1;0;0;0;0;1;1;1;0;0;0;0;0;0;0;0;0;0;0;0;user;6;0;1;0;0;1;0;0;0;1;0
User 666;Department 19;Position 93;0;0;0;0;1;0;0;0;1;1;1;1;0;0;0;0;1;0;0;0;0;0;0;0;user;0;0;0;0;0;0;0;0;0;0;0
User 667;Department 42;Position 250;0;0;0;0;1;0;0;0;1;1;1;1;1;1;1;1;1;0;0;0;0;0;0;0;user;0;0;0;0;0;0;0;0;0;0;0
User 668;Department 19;Position 105;0;0;0;0;1;1;0;0;1;1;1;1;0;0;0;0;1;0;0;0;0;0;0;0;user;0;0;0;0;0;0;0;0;0;0;0
User 669;Department 4;Position 152;0;0;0;0;1;0;0;0;1;1;0;0;1;0;1;0;1;0;0;0;0;0;0;1;user;0;0;0;0;0;0;0;0;0;0;0
User 670;Department 46;Position 111;0;0;0;0;1;0;0;0;1;1;1;1;0;0;0;0;1;0;0;0;0;0;0;0;user;0;0;0;0;0;0;0;0;0;0;0
User 671;Department 32;Position 85;0;0;0;1;1;0;0;0;0;1;1;1;0;0;0;0;0;0;0;0;0;1;0;0;programmer;28;0;1;1;0;0;0;0;0;0;0
User 672;Department 22;Position 10;0;0;0;1;1;0;0;0;1;1;1;1;0;0;0;1;0;0;0;0;0;0;0;0;user;0;0;0;0;0;0;0;0;0;0;0
User 673;Department 15;Position 72;0;0;0;0;1;1;0;1;0;1;1;1;1;0;0;0;1;0;0;0;0;1;0;0;user;0;0;0;0;0;0;0;0;0;0;0
User 674;Department 39;Position 58;0;0;0;0;1;0;0;0;1;1;1;1;0;0;0;0;1;0;0;0;0;0;0;0;user;0;0;0;0;0;0;0;0;0;0;0
User 675;Department 47;Position 169;0;0;0;0;1;1;0;0;0;1;1;1;0;0;0;0;0;0;0;0;0;0;0;0;user;0;0;0;0;0;0;0;0;0;0;0
User 676;Department 15;Position 9;0;0;0;0;1;0;0;0;1;1;1;1;0;0;0;1;0;0;0;0;0;1;0;0;user;0;0;0;0;0;0;0;0;0;0;0
User 677;Department 47;Position 169;0;0;0;0;1;0;0;0;0;1;1;1;0;0;0;0;0;0;0;0;0;0;0;0;user;0;0;0;0;0;0;0;0;0;0;0
User 678;Department 19;Position 93;0;0;0;0;1;1;0;0;1;1;1;1;0;0;0;0;1;0;0;0;0;0;0;0;user;0;0;0;0;0;0;0;0;0;0;0
User 679;Department 48;Position 100;1;0;0;0;0;0;0;0;0;1;1;1;0;0;0;0;0;0;0;0;0;0;0;0;programmer;0;0;0;0;0;0;0;0;0;0;0
